time,Obj1,Obj2,Obj3,
2024-05-08 15:29:27:395,AheadCar_0_0 x=336077.5625 y=429454.71875 z=92.478996,
2024-05-08 15:29:27:420,AheadCar_0_0 x=336076.5 y=429453.40625 z=92.496002,
2024-05-08 15:29:27:445,AheadCar_0_0 x=336074.90625 y=429451.5 z=92.522003,
2024-05-08 15:29:27:470,AheadCar_0_0 x=336073.0 y=429449.15625 z=92.553001,
2024-05-08 15:29:27:495,AheadCar_0_0 x=336071.03125 y=429446.8125 z=92.584999,
2024-05-08 15:29:27:520,AheadCar_0_0 x=336068.90625 y=429444.15625 z=92.620003,
2024-05-08 15:29:27:545,AheadCar_0_0 x=336066.28125 y=429441.0 z=92.663002,
2024-05-08 15:29:27:570,AheadCar_0_0 x=336063.15625 y=429437.21875 z=92.712997,
2024-05-08 15:29:27:595,AheadCar_0_0 x=336060.1875 y=429433.625 z=92.761002,
2024-05-08 15:29:27:620,AheadCar_0_0 x=336056.5 y=429429.15625 z=92.820999,
2024-05-08 15:29:27:645,AheadCar_0_0 x=336052.8125 y=429424.625 z=92.882004,
2024-05-08 15:29:27:670,AheadCar_0_0 x=336052.8125 y=429424.625 z=92.882004,
2024-05-08 15:29:27:695,AheadCar_0_0 x=336048.3125 y=429419.21875 z=92.972,
2024-05-08 15:29:27:720,AheadCar_0_0 x=336043.4375 y=429413.25 z=93.088997,
2024-05-08 15:29:27:745,AheadCar_0_0 x=336038.53125 y=429407.3125 z=93.204002,
2024-05-08 15:29:27:770,AheadCar_0_0 x=336033.0625 y=429400.6875 z=93.334999,
2024-05-08 15:29:27:795,AheadCar_0_0 x=336027.0625 y=429393.40625 z=93.476997,
2024-05-08 15:29:27:820,AheadCar_0_0 x=336021.09375 y=429386.15625 z=93.619003,
2024-05-08 15:29:27:845,AheadCar_0_0 x=336015.0625 y=429378.84375 z=93.761002,
2024-05-08 15:29:27:870,AheadCar_0_0 x=336008.34375 y=429370.6875 z=93.920998,
2024-05-08 15:29:27:895,AheadCar_0_0 x=336000.90625 y=429361.625 z=94.097,
2024-05-08 15:29:27:920,AheadCar_0_0 x=335994.125 y=429353.375 z=94.259003,
2024-05-08 15:29:27:945,AheadCar_0_0 x=335985.53125 y=429342.96875 z=94.461998,
2024-05-08 15:29:27:970,AheadCar_0_0 x=335977.84375 y=429333.625 z=94.643997,
2024-05-08 15:29:27:995,AheadCar_0_0 x=335969.875 y=429323.9375 z=94.833,
2024-05-08 15:29:28:020,AheadCar_0_0 x=335961.53125 y=429313.78125 z=95.031998,
2024-05-08 15:29:28:045,AheadCar_0_0 x=335961.53125 y=429313.78125 z=95.031998,
2024-05-08 15:29:28:070,AheadCar_0_0 x=335952.09375 y=429302.34375 z=95.255997,
2024-05-08 15:29:28:095,AheadCar_0_0 x=335943.03125 y=429291.3125 z=95.470001,
2024-05-08 15:29:28:120,AheadCar_0_0 x=335932.90625 y=429279.0 z=95.710999,
2024-05-08 15:29:28:145,AheadCar_0_0 x=335923.6875 y=429267.78125 z=95.93,
2024-05-08 15:29:28:170,AheadCar_0_0 x=335913.59375 y=429255.53125 z=96.168999,
2024-05-08 15:29:28:195,AheadCar_0_0 x=335902.71875 y=429242.3125 z=96.427002,
2024-05-08 15:29:28:220,AheadCar_0_0 x=335891.1875 y=429228.28125 z=96.700996,
2024-05-08 15:29:28:245,AheadCar_0_0 x=335880.9375 y=429215.78125 z=96.945,
2024-05-08 15:29:28:270,AheadCar_0_0 x=335868.96875 y=429201.21875 z=97.228996,
2024-05-08 15:29:28:295,AheadCar_0_0 x=335857.3125 y=429187.03125 z=97.586998,
2024-05-08 15:29:28:320,AheadCar_0_0 x=335845.40625 y=429172.53125 z=97.959,
2024-05-08 15:29:28:345,AheadCar_0_0 x=335833.4375 y=429157.96875 z=98.332001,
2024-05-08 15:29:28:370,AheadCar_0_0 x=335819.96875 y=429141.59375 z=98.751999,
2024-05-08 15:29:28:395,AheadCar_0_0 x=335808.09375 y=429127.125 z=99.123001,
2024-05-08 15:29:28:420,AheadCar_0_0 x=335793.75 y=429109.65625 z=99.57,
2024-05-08 15:29:28:445,AheadCar_0_0 x=335778.9375 y=429091.65625 z=100.032997,
2024-05-08 15:29:28:470,AheadCar_0_0 x=335765.28125 y=429074.96875 z=100.459999,
2024-05-08 15:29:28:495,AheadCar_0_0 x=335751.0 y=429057.59375 z=100.904999,
2024-05-08 15:29:28:520,AheadCar_0_0 x=335751.0 y=429057.59375 z=100.904999,
2024-05-08 15:29:28:545,AheadCar_0_0 x=335735.53125 y=429038.71875 z=101.389,
2024-05-08 15:29:28:570,AheadCar_0_0 x=335720.71875 y=429020.71875 z=101.849998,
2024-05-08 15:29:28:595,AheadCar_0_0 x=335704.84375 y=429001.34375 z=102.346001,
2024-05-08 15:29:28:620,AheadCar_0_0 x=335690.4375 y=428983.8125 z=102.794998,
2024-05-08 15:29:28:645,AheadCar_0_0 x=335673.65625 y=428963.375 z=103.319,
2024-05-08 15:29:28:670,AheadCar_0_0 x=335656.625 y=428942.59375 z=103.850998,
2024-05-08 15:29:28:695,AheadCar_0_0 x=335639.28125 y=428921.46875 z=104.391998,
2024-05-08 15:29:28:720,AheadCar_0_0 x=335622.71875 y=428901.25 z=104.910004,
2024-05-08 15:29:28:745,AheadCar_0_0 x=335604.3125 y=428878.8125 z=105.485001,
2024-05-08 15:29:28:770,AheadCar_0_0 x=335585.125 y=428855.40625 z=106.084,
2024-05-08 15:29:28:795,AheadCar_0_0 x=335566.34375 y=428832.4375 z=106.670998,
2024-05-08 15:29:28:820,AheadCar_0_0 x=335547.875 y=428809.96875 z=107.247002,
2024-05-08 15:29:28:845,AheadCar_0_0 x=335529.53125 y=428787.59375 z=107.82,
2024-05-08 15:29:28:870,AheadCar_0_0 x=335511.59375 y=428765.6875 z=108.380997,
2024-05-08 15:29:28:895,AheadCar_0_0 x=335490.90625 y=428740.46875 z=109.027,
2024-05-08 15:29:28:920,AheadCar_0_0 x=335473.4375 y=428719.125 z=109.572998,
2024-05-08 15:29:28:945,AheadCar_0_0 x=335451.8125 y=428692.78125 z=110.248001,
2024-05-08 15:29:28:970,AheadCar_0_0 x=335431.75 y=428668.28125 z=110.875,
2024-05-08 15:29:28:995,AheadCar_0_0 x=335431.75 y=428668.28125 z=110.875,
2024-05-08 15:29:29:020,AheadCar_0_0 x=335411.21875 y=428643.25 z=111.515999,
2024-05-08 15:29:29:045,AheadCar_0_0 x=335391.09375 y=428618.6875 z=112.144997,
2024-05-08 15:29:29:070,AheadCar_0_0 x=335368.46875 y=428591.0625 z=112.851997,
2024-05-08 15:29:29:095,AheadCar_0_0 x=335349.25 y=428567.625 z=113.310997,
2024-05-08 15:29:29:120,AheadCar_0_0 x=335327.28125 y=428540.8125 z=113.900002,
2024-05-08 15:29:29:145,AheadCar_0_0 x=335304.90625 y=428513.46875 z=114.599998,
2024-05-08 15:29:29:170,AheadCar_0_0 x=335281.3125 y=428484.71875 z=115.336998,
2024-05-08 15:29:29:195,AheadCar_0_0 x=335258.9375 y=428457.40625 z=115.849998,
2024-05-08 15:29:29:220,AheadCar_0_0 x=335235.0 y=428428.1875 z=116.413002,
2024-05-08 15:29:29:245,AheadCar_0_0 x=335213.1875 y=428401.5625 z=116.931999,
2024-05-08 15:29:29:270,AheadCar_0_0 x=335186.96875 y=428369.59375 z=117.555,
2024-05-08 15:29:29:295,AheadCar_0_0 x=335165.0625 y=428342.84375 z=118.077003,
2024-05-08 15:29:29:320,AheadCar_0_0 x=335139.6875 y=428311.90625 z=118.550003,
2024-05-08 15:29:29:345,AheadCar_0_0 x=335116.0625 y=428283.09375 z=118.835999,
2024-05-08 15:29:29:370,AheadCar_0_0 x=335090.6875 y=428252.15625 z=119.143997,
2024-05-08 15:29:29:395,AheadCar_0_0 x=335066.4375 y=428222.5625 z=119.438004,
2024-05-08 15:29:29:420,AheadCar_0_0 x=335040.8125 y=428191.375 z=119.748001,
2024-05-08 15:29:29:445,AheadCar_0_0 x=335017.5625 y=428163.03125 z=120.041,
2024-05-08 15:29:29:470,AheadCar_0_0 x=334992.3125 y=428132.25 z=120.453003,
2024-05-08 15:29:29:495,AheadCar_0_0 x=334967.84375 y=428102.4375 z=120.851997,
2024-05-08 15:29:29:520,AheadCar_0_0 x=334943.5 y=428072.8125 z=121.248001,
2024-05-08 15:29:29:545,AheadCar_0_0 x=334919.59375 y=428043.6875 z=121.638,
2024-05-08 15:29:29:570,AheadCar_0_0 x=334893.5 y=428011.9375 z=122.063004,
2024-05-08 15:29:29:595,AheadCar_0_0 x=334870.75 y=427984.21875 z=122.433998,
2024-05-08 15:29:29:620,AheadCar_0_0 x=334843.5 y=427951.0625 z=122.876999,
2024-05-08 15:29:29:645,AheadCar_0_0 x=334843.5 y=427951.0625 z=122.876999,
2024-05-08 15:29:29:670,AheadCar_0_0 x=334808.8125 y=427908.875 z=123.442001,SidewaysCar_0_0 x=335750.84375 y=430053.75 z=95.445,
2024-05-08 15:29:29:695,AheadCar_0_0 x=334782.5 y=427876.90625 z=123.870003,SidewaysCar_0_0 x=335749.90625 y=430052.53125 z=95.460999,
2024-05-08 15:29:29:720,AheadCar_0_0 x=334757.90625 y=427847.0 z=124.269997,SidewaysCar_0_0 x=335748.8125 y=430051.0625 z=95.480003,
2024-05-08 15:29:29:745,AheadCar_0_0 x=334733.8125 y=427817.71875 z=124.661003,SidewaysCar_0_0 x=335747.5 y=430049.34375 z=95.501999,
2024-05-08 15:29:29:770,AheadCar_0_0 x=334708.78125 y=427787.28125 z=125.068001,SidewaysCar_0_0 x=335745.84375 y=430047.1875 z=95.528999,
2024-05-08 15:29:29:795,AheadCar_0_0 x=334682.75 y=427755.71875 z=125.459999,SidewaysCar_0_0 x=335743.90625 y=430044.625 z=95.561996,
2024-05-08 15:29:29:820,AheadCar_0_0 x=334658.46875 y=427726.21875 z=125.822998,SidewaysCar_0_0 x=335741.8125 y=430041.9375 z=95.597,
2024-05-08 15:29:29:845,AheadCar_0_0 x=334631.28125 y=427693.28125 z=126.267998,SidewaysCar_0_0 x=335739.21875 y=430038.5625 z=95.640999,
2024-05-08 15:29:29:870,AheadCar_0_0 x=334604.3125 y=427660.53125 z=126.709999,SidewaysCar_0_0 x=335736.34375 y=430034.8125 z=95.689003,
2024-05-08 15:29:29:895,AheadCar_0_0 x=334580.40625 y=427631.5625 z=127.101997,SidewaysCar_0_0 x=335733.625 y=430031.21875 z=95.724998,
2024-05-08 15:29:29:920,AheadCar_0_0 x=334580.40625 y=427631.5625 z=127.101997,SidewaysCar_0_0 x=335733.625 y=430031.21875 z=95.724998,
2024-05-08 15:29:29:945,AheadCar_0_0 x=334555.71875 y=427601.625 z=127.505997,SidewaysCar_0_0 x=335730.5 y=430027.125 z=95.713997,
2024-05-08 15:29:29:970,AheadCar_0_0 x=334529.28125 y=427569.625 z=127.938004,SidewaysCar_0_0 x=335726.875 y=430022.40625 z=95.775002,
2024-05-08 15:29:29:995,AheadCar_0_0 x=334503.96875 y=427538.96875 z=128.298004,SidewaysCar_0_0 x=335723.125 y=430017.53125 z=95.837997,
2024-05-08 15:29:30:020,AheadCar_0_0 x=334478.625 y=427508.3125 z=128.647995,SidewaysCar_0_0 x=335719.15625 y=430012.34375 z=95.904999,
2024-05-08 15:29:30:045,AheadCar_0_0 x=334455.96875 y=427480.90625 z=128.960007,SidewaysCar_0_0 x=335715.4375 y=430007.4375 z=95.968002,
2024-05-08 15:29:30:070,AheadCar_0_0 x=334429.8125 y=427449.28125 z=129.320999,SidewaysCar_0_0 x=335710.8125 y=430001.40625 z=96.044998,
2024-05-08 15:29:30:095,AheadCar_0_0 x=334402.96875 y=427416.84375 z=129.690994,SidewaysCar_0_0 x=335705.8125 y=429994.875 z=96.129997,
2024-05-08 15:29:30:120,AheadCar_0_0 x=334379.40625 y=427388.34375 z=130.014999,SidewaysCar_0_0 x=335701.21875 y=429988.875 z=96.207001,
2024-05-08 15:29:30:145,AheadCar_0_0 x=334354.0625 y=427357.75 z=130.363998,SidewaysCar_0_0 x=335696.03125 y=429982.09375 z=96.293999,
2024-05-08 15:29:30:170,AheadCar_0_0 x=334328.4375 y=427326.84375 z=130.746002,SidewaysCar_0_0 x=335690.46875 y=429974.8125 z=96.332001,
2024-05-08 15:29:30:195,AheadCar_0_0 x=334305.5 y=427299.1875 z=131.123001,SidewaysCar_0_0 x=335685.28125 y=429968.0 z=96.25,
2024-05-08 15:29:30:220,AheadCar_0_0 x=334278.8125 y=427267.03125 z=131.561005,SidewaysCar_0_0 x=335678.9375 y=429959.71875 z=95.972,
2024-05-08 15:29:30:245,AheadCar_0_0 x=334254.28125 y=427237.4375 z=131.964005,SidewaysCar_0_0 x=335672.9375 y=429951.84375 z=95.698997,
2024-05-08 15:29:30:270,AheadCar_0_0 x=334230.5 y=427208.84375 z=132.354004,SidewaysCar_0_0 x=335666.875 y=429943.90625 z=95.603996,
2024-05-08 15:29:30:295,AheadCar_0_0 x=334205.34375 y=427178.5625 z=132.766006,SidewaysCar_0_0 x=335660.21875 y=429935.1875 z=95.5,
2024-05-08 15:29:30:320,AheadCar_0_0 x=334176.9375 y=427144.34375 z=133.231995,SidewaysCar_0_0 x=335652.40625 y=429925.0 z=95.376999,
2024-05-08 15:29:30:345,AheadCar_0_0 x=334149.9375 y=427111.96875 z=133.673004,SidewaysCar_0_0 x=335644.78125 y=429914.9375 z=95.339996,
2024-05-08 15:29:30:370,AheadCar_0_0 x=334149.9375 y=427111.96875 z=133.673004,SidewaysCar_0_0 x=335644.78125 y=429914.9375 z=95.339996,
2024-05-08 15:29:30:395,AheadCar_0_0 x=334124.28125 y=427081.125 z=134.093002,SidewaysCar_0_0 x=335637.21875 y=429905.0625 z=95.467003,
2024-05-08 15:29:30:420,AheadCar_0_0 x=334099.5 y=427051.3125 z=134.498001,SidewaysCar_0_0 x=335629.53125 y=429895.0 z=95.596001,
2024-05-08 15:29:30:445,AheadCar_0_0 x=334074.5 y=427021.375 z=134.906006,SidewaysCar_0_0 x=335621.59375 y=429884.5625 z=95.730003,
2024-05-08 15:29:30:470,AheadCar_0_0 x=334049.40625 y=426991.25 z=135.315002,SidewaysCar_0_0 x=335613.375 y=429873.8125 z=95.867996,
2024-05-08 15:29:30:495,AheadCar_0_0 x=334023.375 y=426960.0625 z=135.740005,SidewaysCar_0_0 x=335604.625 y=429862.375 z=96.014999,
2024-05-08 15:29:30:520,AheadCar_0_0 x=334000.0625 y=426932.15625 z=135.957001,SidewaysCar_0_0 x=335596.59375 y=429851.8125 z=96.150002,
2024-05-08 15:29:30:545,AheadCar_0_0 x=333974.71875 y=426901.78125 z=136.162003,SidewaysCar_0_0 x=335587.625 y=429840.03125 z=96.302002,
2024-05-08 15:29:30:570,AheadCar_0_0 x=333949.375 y=426871.53125 z=136.365997,SidewaysCar_0_0 x=335578.46875 y=429828.03125 z=96.456001,
2024-05-08 15:29:30:595,AheadCar_0_0 x=333924.53125 y=426841.78125 z=136.565994,SidewaysCar_0_0 x=335569.21875 y=429815.90625 z=96.611,
2024-05-08 15:29:30:620,AheadCar_0_0 x=333899.6875 y=426812.09375 z=136.766006,SidewaysCar_0_0 x=335559.78125 y=429803.53125 z=96.769997,
2024-05-08 15:29:30:645,AheadCar_0_0 x=333873.8125 y=426781.25 z=136.973999,SidewaysCar_0_0 x=335549.40625 y=429789.875 z=96.874001,
2024-05-08 15:29:30:670,AheadCar_0_0 x=333848.71875 y=426751.28125 z=137.175003,SidewaysCar_0_0 x=335539.09375 y=429776.375 z=97.087997,
2024-05-08 15:29:30:695,AheadCar_0_0 x=333823.4375 y=426721.125 z=137.393997,SidewaysCar_0_0 x=335528.53125 y=429762.5 z=97.004997,
2024-05-08 15:29:30:720,AheadCar_0_0 x=333800.0 y=426693.25 z=137.580994,SidewaysCar_0_0 x=335518.625 y=429749.4375 z=96.927002,
2024-05-08 15:29:30:745,AheadCar_0_0 x=333773.125 y=426661.25 z=137.796997,SidewaysCar_0_0 x=335506.9375 y=429734.15625 z=96.834999,
2024-05-08 15:29:30:770,AheadCar_0_0 x=333748.34375 y=426631.84375 z=137.839996,SidewaysCar_0_0 x=335496.0625 y=429719.8125 z=96.749001,
2024-05-08 15:29:30:795,AheadCar_0_0 x=333723.6875 y=426602.5 z=137.835007,SidewaysCar_0_0 x=335485.03125 y=429705.3125 z=96.874001,
2024-05-08 15:29:30:820,AheadCar_0_0 x=333695.78125 y=426569.375 z=137.830002,SidewaysCar_0_0 x=335472.28125 y=429688.5625 z=97.188004,
2024-05-08 15:29:30:845,AheadCar_0_0 x=333668.53125 y=426537.09375 z=137.824997,SidewaysCar_0_0 x=335459.6875 y=429671.96875 z=97.5,
2024-05-08 15:29:30:870,AheadCar_0_0 x=333645.46875 y=426509.71875 z=137.820999,SidewaysCar_0_0 x=335448.59375 y=429657.40625 z=97.774002,
2024-05-08 15:29:30:895,AheadCar_0_0 x=333645.46875 y=426509.71875 z=137.820999,SidewaysCar_0_0 x=335448.59375 y=429657.40625 z=97.774002,
2024-05-08 15:29:30:920,AheadCar_0_0 x=333619.6875 y=426479.15625 z=137.815002,SidewaysCar_0_0 x=335435.84375 y=429640.625 z=98.088997,
2024-05-08 15:29:30:945,AheadCar_0_0 x=333594.8125 y=426449.75 z=137.809998,SidewaysCar_0_0 x=335423.3125 y=429624.15625 z=98.398003,
2024-05-08 15:29:30:970,AheadCar_0_0 x=333568.0 y=426418.03125 z=137.804993,SidewaysCar_0_0 x=335409.59375 y=429606.09375 z=98.737999,
2024-05-08 15:29:30:995,AheadCar_0_0 x=333541.5 y=426386.6875 z=137.798996,SidewaysCar_0_0 x=335395.84375 y=429587.96875 z=99.078003,
2024-05-08 15:29:31:020,AheadCar_0_0 x=333515.4375 y=426355.875 z=137.792999,SidewaysCar_0_0 x=335382.0625 y=429569.8125 z=99.418999,
2024-05-08 15:29:31:045,AheadCar_0_0 x=333492.71875 y=426329.03125 z=137.787994,SidewaysCar_0_0 x=335369.90625 y=429553.78125 z=99.719002,
2024-05-08 15:29:31:070,AheadCar_0_0 x=333466.8125 y=426298.46875 z=137.781998,SidewaysCar_0_0 x=335355.84375 y=429535.25 z=100.160004,
2024-05-08 15:29:31:095,AheadCar_0_0 x=333441.25 y=426268.28125 z=137.776001,SidewaysCar_0_0 x=335341.71875 y=429516.71875 z=100.619003,
2024-05-08 15:29:31:120,AheadCar_0_0 x=333416.125 y=426238.65625 z=137.770004,SidewaysCar_0_0 x=335327.71875 y=429498.1875 z=101.077003,
2024-05-08 15:29:31:145,AheadCar_0_0 x=333391.09375 y=426209.1875 z=137.764008,SidewaysCar_0_0 x=335313.25 y=429479.09375 z=101.547997,
2024-05-08 15:29:31:170,AheadCar_0_0 x=333363.28125 y=426176.375 z=137.757996,SidewaysCar_0_0 x=335296.8125 y=429457.4375 z=102.083,
2024-05-08 15:29:31:195,AheadCar_0_0 x=333339.53125 y=426148.375 z=137.751999,SidewaysCar_0_0 x=335282.5625 y=429438.65625 z=102.547997,
2024-05-08 15:29:31:220,AheadCar_0_0 x=333313.71875 y=426118.03125 z=137.744995,SidewaysCar_0_0 x=335266.90625 y=429418.03125 z=103.056999,
2024-05-08 15:29:31:245,AheadCar_0_0 x=333289.3125 y=426089.28125 z=137.738998,SidewaysCar_0_0 x=335251.875 y=429398.1875 z=103.546997,
2024-05-08 15:29:31:270,AheadCar_0_0 x=333264.0625 y=426059.59375 z=137.733002,SidewaysCar_0_0 x=335236.15625 y=429377.40625 z=104.059998,
2024-05-08 15:29:31:295,AheadCar_0_0 x=333238.0625 y=426029.0 z=137.725998,SidewaysCar_0_0 x=335219.71875 y=429355.71875 z=104.596001,
2024-05-08 15:29:31:320,AheadCar_0_0 x=333211.125 y=425997.34375 z=137.718994,SidewaysCar_0_0 x=335202.4375 y=429332.90625 z=105.158997,
2024-05-08 15:29:31:345,AheadCar_0_0 x=333211.125 y=425997.34375 z=137.718994,SidewaysCar_0_0 x=335202.4375 y=429332.90625 z=105.158997,
2024-05-08 15:29:31:370,AheadCar_0_0 x=333182.375 y=425963.53125 z=137.712006,SidewaysCar_0_0 x=335183.71875 y=429308.15625 z=105.746002,
2024-05-08 15:29:31:395,AheadCar_0_0 x=333155.0 y=425931.40625 z=137.705002,SidewaysCar_0_0 x=335165.6875 y=429284.375 z=106.119003,
2024-05-08 15:29:31:420,AheadCar_0_0 x=333131.59375 y=425903.84375 z=137.697998,SidewaysCar_0_0 x=335149.875 y=429263.46875 z=106.567001,
2024-05-08 15:29:31:445,AheadCar_0_0 x=333104.9375 y=425872.53125 z=137.690994,SidewaysCar_0_0 x=335131.625 y=429239.375 z=107.162003,
2024-05-08 15:29:31:470,AheadCar_0_0 x=333079.75 y=425843.0 z=137.684006,SidewaysCar_0_0 x=335114.15625 y=429216.25 z=107.732002,
2024-05-08 15:29:31:495,AheadCar_0_0 x=333053.875 y=425812.625 z=137.677002,SidewaysCar_0_0 x=335095.9375 y=429192.1875 z=108.319,
2024-05-08 15:29:31:520,AheadCar_0_0 x=333029.1875 y=425783.65625 z=137.677002,SidewaysCar_0_0 x=335078.375 y=429168.96875 z=108.682999,
2024-05-08 15:29:31:545,AheadCar_0_0 x=333002.3125 y=425752.125 z=137.690002,SidewaysCar_0_0 x=335058.96875 y=429143.3125 z=109.085999,
2024-05-08 15:29:31:570,AheadCar_0_0 x=332978.125 y=425723.75 z=137.682999,SidewaysCar_0_0 x=335041.34375 y=429120.0 z=109.450996,
2024-05-08 15:29:31:595,AheadCar_0_0 x=332951.59375 y=425692.6875 z=137.677994,SidewaysCar_0_0 x=335021.71875 y=429094.0625 z=109.859001,
2024-05-08 15:29:31:620,AheadCar_0_0 x=332925.90625 y=425662.5625 z=137.716995,SidewaysCar_0_0 x=335002.5 y=429068.59375 z=110.258003,
2024-05-08 15:29:31:645,AheadCar_0_0 x=332901.375 y=425633.78125 z=137.764008,SidewaysCar_0_0 x=334984.3125 y=429044.53125 z=110.635002,
2024-05-08 15:29:31:670,AheadCar_0_0 x=332875.5625 y=425603.53125 z=137.834,SidewaysCar_0_0 x=334965.15625 y=429019.1875 z=110.870003,
2024-05-08 15:29:31:695,AheadCar_0_0 x=332848.875 y=425572.25 z=137.906006,SidewaysCar_0_0 x=334945.34375 y=428993.0 z=111.044998,
2024-05-08 15:29:31:720,AheadCar_0_0 x=332825.5625 y=425544.9375 z=137.992004,SidewaysCar_0_0 x=334928.0 y=428970.0625 z=111.198997,
2024-05-08 15:29:31:745,AheadCar_0_0 x=332799.0 y=425513.84375 z=138.110992,SidewaysCar_0_0 x=334908.28125 y=428943.9375 z=111.374001,
2024-05-08 15:29:31:770,AheadCar_0_0 x=332773.0625 y=425483.4375 z=138.227997,SidewaysCar_0_0 x=334889.0 y=428918.4375 z=111.544998,
2024-05-08 15:29:31:795,AheadCar_0_0 x=332747.96875 y=425454.0625 z=138.339996,SidewaysCar_0_0 x=334870.40625 y=428893.78125 z=111.709999,
2024-05-08 15:29:31:820,AheadCar_0_0 x=332722.65625 y=425424.375 z=138.453995,SidewaysCar_0_0 x=334851.59375 y=428868.90625 z=111.876999,
2024-05-08 15:29:31:845,AheadCar_0_0 x=332696.5625 y=425393.84375 z=138.570999,SidewaysCar_0_0 x=334832.21875 y=428843.28125 z=112.049004,
2024-05-08 15:29:31:870,AheadCar_0_0 x=332674.28125 y=425367.75 z=138.671005,SidewaysCar_0_0 x=334815.65625 y=428821.375 z=112.195999,
2024-05-08 15:29:31:895,AheadCar_0_0 x=332674.28125 y=425367.75 z=138.671005,SidewaysCar_0_0 x=334815.65625 y=428821.375 z=112.195999,
2024-05-08 15:29:31:920,AheadCar_0_0 x=332647.375 y=425336.25 z=138.792007,SidewaysCar_0_0 x=334795.65625 y=428794.875 z=112.374001,
2024-05-08 15:29:31:945,AheadCar_0_0 x=332621.125 y=425305.5 z=138.910004,SidewaysCar_0_0 x=334776.15625 y=428769.09375 z=112.546997,
2024-05-08 15:29:31:970,AheadCar_0_0 x=332594.25 y=425274.03125 z=139.044006,SidewaysCar_0_0 x=334756.28125 y=428742.78125 z=112.723,
2024-05-08 15:29:31:995,AheadCar_0_0 x=332568.9375 y=425244.40625 z=139.188004,SidewaysCar_0_0 x=334737.59375 y=428718.03125 z=112.889,
2024-05-08 15:29:32:020,AheadCar_0_0 x=332544.0 y=425215.1875 z=139.330002,SidewaysCar_0_0 x=334719.125 y=428693.5625 z=113.053001,
2024-05-08 15:29:32:045,AheadCar_0_0 x=332518.65625 y=425185.5 z=139.473999,SidewaysCar_0_0 x=334700.3125 y=428668.71875 z=113.220001,
2024-05-08 15:29:32:070,AheadCar_0_0 x=332492.0625 y=425154.40625 z=139.626007,SidewaysCar_0_0 x=334680.59375 y=428642.59375 z=113.394997,
2024-05-08 15:29:32:095,AheadCar_0_0 x=332467.09375 y=425125.15625 z=139.768005,SidewaysCar_0_0 x=334662.09375 y=428618.09375 z=113.611,
2024-05-08 15:29:32:120,AheadCar_0_0 x=332443.09375 y=425097.0625 z=139.904007,SidewaysCar_0_0 x=334644.21875 y=428594.4375 z=113.848999,
2024-05-08 15:29:32:145,AheadCar_0_0 x=332417.34375 y=425066.875 z=140.050995,SidewaysCar_0_0 x=334625.03125 y=428569.03125 z=114.106003,
2024-05-08 15:29:32:170,AheadCar_0_0 x=332391.5 y=425036.5625 z=140.199005,SidewaysCar_0_0 x=334605.71875 y=428543.53125 z=114.363998,
2024-05-08 15:29:32:195,AheadCar_0_0 x=332368.0 y=425009.09375 z=140.332001,SidewaysCar_0_0 x=334588.15625 y=428520.28125 z=114.598,
2024-05-08 15:29:32:220,AheadCar_0_0 x=332338.15625 y=424974.125 z=140.503006,SidewaysCar_0_0 x=334566.1875 y=428491.1875 z=114.891998,
2024-05-08 15:29:32:245,AheadCar_0_0 x=332312.03125 y=424943.53125 z=140.651001,SidewaysCar_0_0 x=334546.90625 y=428465.71875 z=115.149002,
2024-05-08 15:29:32:270,AheadCar_0_0 x=332287.1875 y=424914.40625 z=140.792999,SidewaysCar_0_0 x=334528.5 y=428441.40625 z=115.394997,
2024-05-08 15:29:32:295,AheadCar_0_0 x=332261.5 y=424884.28125 z=140.938995,SidewaysCar_0_0 x=334509.5 y=428416.25 z=115.649002,
2024-05-08 15:29:32:320,AheadCar_0_0 x=332234.75 y=424852.9375 z=141.091995,SidewaysCar_0_0 x=334489.59375 y=428389.96875 z=115.914001,
2024-05-08 15:29:32:345,AheadCar_0_0 x=332210.90625 y=424825.0 z=141.227997,SidewaysCar_0_0 x=334471.875 y=428366.53125 z=116.151001,
2024-05-08 15:29:32:370,AheadCar_0_0 x=332184.8125 y=424794.375 z=141.376999,SidewaysCar_0_0 x=334452.375 y=428340.78125 z=116.414001,
2024-05-08 15:29:32:395,AheadCar_0_0 x=332184.8125 y=424794.375 z=141.376999,SidewaysCar_0_0 x=334452.375 y=428340.78125 z=116.414001,
2024-05-08 15:29:32:420,AheadCar_0_0 x=332159.1875 y=424764.3125 z=141.567993,SidewaysCar_0_0 x=334433.1875 y=428315.40625 z=116.755997,
2024-05-08 15:29:32:445,AheadCar_0_0 x=332133.5625 y=424734.25 z=142.074997,SidewaysCar_0_0 x=334413.90625 y=428289.96875 z=117.098999,
2024-05-08 15:29:32:470,AheadCar_0_0 x=332107.59375 y=424703.78125 z=142.587997,SidewaysCar_0_0 x=334394.5 y=428264.3125 z=117.445,
2024-05-08 15:29:32:495,AheadCar_0_0 x=332077.75 y=424668.78125 z=143.177002,SidewaysCar_0_0 x=334372.59375 y=428235.4375 z=117.835999,
2024-05-08 15:29:32:520,AheadCar_0_0 x=332053.15625 y=424639.84375 z=143.664001,SidewaysCar_0_0 x=334354.5 y=428211.5 z=118.157997,
2024-05-08 15:29:32:545,AheadCar_0_0 x=332026.5 y=424608.5625 z=144.190994,SidewaysCar_0_0 x=334334.78125 y=428185.5 z=118.5,
2024-05-08 15:29:32:570,AheadCar_0_0 x=332000.25 y=424577.71875 z=144.710007,SidewaysCar_0_0 x=334315.28125 y=428159.78125 z=118.794998,
2024-05-08 15:29:32:595,AheadCar_0_0 x=331975.125 y=424548.21875 z=145.207001,SidewaysCar_0_0 x=334296.53125 y=428135.03125 z=119.079002,
2024-05-08 15:29:32:620,AheadCar_0_0 x=331950.21875 y=424518.90625 z=145.707001,SidewaysCar_0_0 x=334277.875 y=428110.4375 z=119.362,
2024-05-08 15:29:32:645,AheadCar_0_0 x=331925.28125 y=424489.5625 z=146.550995,SidewaysCar_0_0 x=334259.09375 y=428085.6875 z=119.646004,
2024-05-08 15:29:32:670,AheadCar_0_0 x=331896.78125 y=424456.0 z=147.488998,SidewaysCar_0_0 x=334237.53125 y=428057.25 z=119.972,
2024-05-08 15:29:32:695,AheadCar_0_0 x=331870.15625 y=424424.6875 z=148.003006,SidewaysCar_0_0 x=334217.34375 y=428030.625 z=120.277,
2024-05-08 15:29:32:720,AheadCar_0_0 x=331844.5625 y=424394.5625 z=148.487,SidewaysCar_0_0 x=334198.5 y=428005.8125 z=120.561996,
2024-05-08 15:29:32:745,AheadCar_0_0 x=331820.03125 y=424365.65625 z=148.778,SidewaysCar_0_0 x=334180.4375 y=427982.09375 z=120.831001,
2024-05-08 15:29:32:770,AheadCar_0_0 x=331820.03125 y=424365.65625 z=148.778,SidewaysCar_0_0 x=334180.4375 y=427982.09375 z=120.831001,
2024-05-08 15:29:32:795,AheadCar_0_0 x=331793.5 y=424334.34375 z=149.093994,SidewaysCar_0_0 x=334160.84375 y=427956.25 z=121.074997,
2024-05-08 15:29:32:820,AheadCar_0_0 x=331767.1875 y=424303.3125 z=149.406998,SidewaysCar_0_0 x=334141.3125 y=427930.5625 z=121.318001,
2024-05-08 15:29:32:845,AheadCar_0_0 x=331743.5 y=424275.3125 z=149.688995,SidewaysCar_0_0 x=334123.59375 y=427907.25 z=121.538002,
2024-05-08 15:29:32:870,AheadCar_0_0 x=331716.5 y=424243.53125 z=150.285004,SidewaysCar_0_0 x=334103.375 y=427880.6875 z=121.789001,
2024-05-08 15:29:32:895,AheadCar_0_0 x=331691.5625 y=424214.03125 z=150.578003,SidewaysCar_0_0 x=334084.46875 y=427855.875 z=122.023003,
2024-05-08 15:29:32:920,AheadCar_0_0 x=331668.1875 y=424186.40625 z=150.580002,SidewaysCar_0_0 x=334066.75 y=427832.5625 z=122.242996,
2024-05-08 15:29:32:945,AheadCar_0_0 x=331641.53125 y=424154.84375 z=150.429993,SidewaysCar_0_0 x=334046.375 y=427805.8125 z=122.496002,
2024-05-08 15:29:32:970,AheadCar_0_0 x=331613.0 y=424121.09375 z=150.139999,SidewaysCar_0_0 x=334025.03125 y=427777.78125 z=122.761002,
2024-05-08 15:29:32:995,AheadCar_0_0 x=331589.90625 y=424093.71875 z=149.904999,SidewaysCar_0_0 x=334008.03125 y=427755.5 z=122.971001,
2024-05-08 15:29:33:020,AheadCar_0_0 x=331562.53125 y=424061.28125 z=149.626007,SidewaysCar_0_0 x=333987.75 y=427728.90625 z=123.222,
2024-05-08 15:29:33:045,AheadCar_0_0 x=331537.8125 y=424031.9375 z=149.375,SidewaysCar_0_0 x=333969.28125 y=427704.71875 z=123.450996,
2024-05-08 15:29:33:070,AheadCar_0_0 x=331509.65625 y=423998.5 z=149.087997,SidewaysCar_0_0 x=333948.09375 y=427676.96875 z=123.712997,
2024-05-08 15:29:33:095,AheadCar_0_0 x=331484.28125 y=423968.3125 z=148.828995,SidewaysCar_0_0 x=333928.875 y=427651.78125 z=123.950996,
2024-05-08 15:29:33:120,AheadCar_0_0 x=331458.03125 y=423937.09375 z=148.561996,SidewaysCar_0_0 x=333908.78125 y=427625.46875 z=124.198997,
2024-05-08 15:29:33:145,AheadCar_0_0 x=331435.0 y=423909.65625 z=148.328003,SidewaysCar_0_0 x=333891.0 y=427602.25 z=124.417999,
2024-05-08 15:29:33:170,AheadCar_0_0 x=331435.0 y=423909.65625 z=148.328003,SidewaysCar_0_0 x=333891.0 y=427602.25 z=124.417999,
2024-05-08 15:29:33:195,AheadCar_0_0 x=331408.28125 y=423877.8125 z=148.056,SidewaysCar_0_0 x=333870.28125 y=427575.09375 z=124.707001,
2024-05-08 15:29:33:220,AheadCar_0_0 x=331382.3125 y=423846.8125 z=147.791,SidewaysCar_0_0 x=333851.375 y=427550.4375 z=124.996002,
2024-05-08 15:29:33:245,AheadCar_0_0 x=331357.1875 y=423816.84375 z=147.535004,SidewaysCar_0_0 x=333833.03125 y=427526.46875 z=125.276001,
2024-05-08 15:29:33:270,AheadCar_0_0 x=331332.0 y=423786.75 z=147.326996,SidewaysCar_0_0 x=333814.375 y=427502.125 z=125.560997,
2024-05-08 15:29:33:295,AheadCar_0_0 x=331304.40625 y=423753.78125 z=147.184998,SidewaysCar_0_0 x=333793.65625 y=427475.0625 z=125.876999,
2024-05-08 15:29:33:320,AheadCar_0_0 x=331280.875 y=423725.625 z=147.063004,SidewaysCar_0_0 x=333775.71875 y=427451.6875 z=126.150002,
2024-05-08 15:29:33:345,AheadCar_0_0 x=331255.03125 y=423694.71875 z=146.929001,SidewaysCar_0_0 x=333755.78125 y=427425.71875 z=126.454002,
2024-05-08 15:29:33:370,AheadCar_0_0 x=331230.78125 y=423665.65625 z=146.804001,SidewaysCar_0_0 x=333736.71875 y=427400.875 z=126.744003,
2024-05-08 15:29:33:395,AheadCar_0_0 x=331204.34375 y=423634.03125 z=146.667999,SidewaysCar_0_0 x=333715.625 y=427373.4375 z=127.065002,
2024-05-08 15:29:33:420,AheadCar_0_0 x=331176.84375 y=423601.0625 z=146.595993,SidewaysCar_0_0 x=333695.28125 y=427347.0 z=127.373001,
2024-05-08 15:29:33:445,AheadCar_0_0 x=331152.84375 y=423572.21875 z=146.591995,SidewaysCar_0_0 x=333677.46875 y=427323.8125 z=127.643997,
2024-05-08 15:29:33:470,AheadCar_0_0 x=331127.5 y=423541.8125 z=146.589005,SidewaysCar_0_0 x=333658.40625 y=427299.0625 z=127.932999,
2024-05-08 15:29:33:495,AheadCar_0_0 x=331100.3125 y=423509.1875 z=146.585007,SidewaysCar_0_0 x=333637.65625 y=427272.15625 z=128.246994,
2024-05-08 15:29:33:520,AheadCar_0_0 x=331075.75 y=423479.625 z=146.582001,SidewaysCar_0_0 x=333618.6875 y=427247.53125 z=128.535004,
2024-05-08 15:29:33:545,AheadCar_0_0 x=331050.875 y=423449.71875 z=146.578995,SidewaysCar_0_0 x=333599.25 y=427222.3125 z=128.828995,
2024-05-08 15:29:33:570,AheadCar_0_0 x=331027.53125 y=423421.5625 z=146.576004,SidewaysCar_0_0 x=333580.78125 y=427198.375 z=129.108002,
2024-05-08 15:29:33:595,AheadCar_0_0 x=331001.625 y=423390.40625 z=146.572998,SidewaysCar_0_0 x=333561.0625 y=427172.875 z=129.447006,
2024-05-08 15:29:33:620,AheadCar_0_0 x=330978.8125 y=423362.875 z=146.570999,SidewaysCar_0_0 x=333543.96875 y=427150.75 z=129.755005,
2024-05-08 15:29:33:645,AheadCar_0_0 x=330951.375 y=423329.75 z=146.567993,SidewaysCar_0_0 x=333523.21875 y=427123.90625 z=130.128998,
2024-05-08 15:29:33:670,AheadCar_0_0 x=330951.375 y=423329.75 z=146.567993,SidewaysCar_0_0 x=333523.21875 y=427123.90625 z=130.128998,
2024-05-08 15:29:33:695,AheadCar_0_0 x=330927.09375 y=423300.46875 z=146.565994,SidewaysCar_0_0 x=333504.6875 y=427099.9375 z=130.462997,
2024-05-08 15:29:33:720,AheadCar_0_0 x=330903.09375 y=423271.5 z=146.563995,SidewaysCar_0_0 x=333486.15625 y=427076.03125 z=130.794998,
2024-05-08 15:29:33:745,AheadCar_0_0 x=330878.71875 y=423242.03125 z=146.561005,SidewaysCar_0_0 x=333467.125 y=427051.53125 z=131.026001,
2024-05-08 15:29:33:770,AheadCar_0_0 x=330851.96875 y=423209.65625 z=146.559006,SidewaysCar_0_0 x=333445.9375 y=427024.1875 z=131.220993,
2024-05-08 15:29:33:795,AheadCar_0_0 x=330829.15625 y=423182.03125 z=146.557999,SidewaysCar_0_0 x=333428.46875 y=427001.71875 z=131.380997,
2024-05-08 15:29:33:820,AheadCar_0_0 x=330803.40625 y=423150.8125 z=146.556,SidewaysCar_0_0 x=333408.78125 y=426976.34375 z=131.561996,
2024-05-08 15:29:33:845,AheadCar_0_0 x=330776.96875 y=423118.75 z=146.554001,SidewaysCar_0_0 x=333388.375 y=426950.15625 z=131.748993,
2024-05-08 15:29:33:870,AheadCar_0_0 x=330752.5 y=423089.09375 z=146.552994,SidewaysCar_0_0 x=333369.4375 y=426925.78125 z=131.921997,
2024-05-08 15:29:33:895,AheadCar_0_0 x=330726.90625 y=423057.96875 z=146.550995,SidewaysCar_0_0 x=333349.46875 y=426900.15625 z=132.104004,
2024-05-08 15:29:33:920,AheadCar_0_0 x=330700.59375 y=423026.0625 z=146.550003,SidewaysCar_0_0 x=333328.90625 y=426873.75 z=132.292007,
2024-05-08 15:29:33:945,AheadCar_0_0 x=330677.1875 y=422997.53125 z=146.548996,SidewaysCar_0_0 x=333310.625 y=426850.34375 z=132.457993,
2024-05-08 15:29:33:970,AheadCar_0_0 x=330650.375 y=422964.9375 z=146.548004,SidewaysCar_0_0 x=333289.875 y=426823.78125 z=132.647003,
2024-05-08 15:29:33:995,AheadCar_0_0 x=330625.75 y=422934.96875 z=146.546997,SidewaysCar_0_0 x=333270.78125 y=426799.375 z=132.820007,
2024-05-08 15:29:34:020,AheadCar_0_0 x=330600.78125 y=422904.53125 z=146.546005,SidewaysCar_0_0 x=333251.375 y=426774.53125 z=132.996002,
2024-05-08 15:29:34:045,AheadCar_0_0 x=330576.125 y=422874.53125 z=146.544998,SidewaysCar_0_0 x=333232.25 y=426750.125 z=133.091995,
2024-05-08 15:29:34:070,AheadCar_0_0 x=330551.46875 y=422844.4375 z=146.544006,SidewaysCar_0_0 x=333213.125 y=426725.6875 z=133.100006,
2024-05-08 15:29:34:095,AheadCar_0_0 x=330526.40625 y=422813.875 z=146.544006,SidewaysCar_0_0 x=333193.65625 y=426700.9375 z=133.106995,
2024-05-08 15:29:34:120,AheadCar_0_0 x=330526.40625 y=422813.875 z=146.544006,SidewaysCar_0_0 x=333193.65625 y=426700.9375 z=133.106995,
2024-05-08 15:29:34:145,AheadCar_0_0 x=330497.59375 y=422778.71875 z=146.542999,SidewaysCar_0_0 x=333170.9375 y=426671.96875 z=133.115005,
2024-05-08 15:29:34:170,AheadCar_0_0 x=330473.34375 y=422749.15625 z=146.542999,SidewaysCar_0_0 x=333151.8125 y=426647.625 z=133.121994,
2024-05-08 15:29:34:195,AheadCar_0_0 x=330449.3125 y=422719.8125 z=146.542007,SidewaysCar_0_0 x=333132.90625 y=426623.59375 z=133.128006,
2024-05-08 15:29:34:220,AheadCar_0_0 x=330425.90625 y=422691.21875 z=146.542007,SidewaysCar_0_0 x=333114.5625 y=426600.34375 z=133.134995,
2024-05-08 15:29:34:245,AheadCar_0_0 x=330399.3125 y=422658.71875 z=146.541,SidewaysCar_0_0 x=333093.875 y=426574.09375 z=133.141998,
2024-05-08 15:29:34:270,AheadCar_0_0 x=330375.90625 y=422630.125 z=146.541,SidewaysCar_0_0 x=333075.78125 y=426551.125 z=133.147003,
2024-05-08 15:29:34:295,AheadCar_0_0 x=330349.09375 y=422597.34375 z=146.541,SidewaysCar_0_0 x=333054.4375 y=426524.125 z=133.154007,
2024-05-08 15:29:34:320,AheadCar_0_0 x=330324.40625 y=422567.21875 z=146.541,SidewaysCar_0_0 x=333034.71875 y=426499.21875 z=133.160004,
2024-05-08 15:29:34:345,AheadCar_0_0 x=330299.65625 y=422536.9375 z=146.539993,SidewaysCar_0_0 x=333015.0625 y=426474.4375 z=133.166,
2024-05-08 15:29:34:370,AheadCar_0_0 x=330273.9375 y=422505.53125 z=146.539993,SidewaysCar_0_0 x=332994.9375 y=426449.0 z=133.171997,
2024-05-08 15:29:34:395,AheadCar_0_0 x=330247.6875 y=422473.40625 z=146.539993,SidewaysCar_0_0 x=332974.5 y=426423.25 z=133.177002,
2024-05-08 15:29:34:420,AheadCar_0_0 x=330223.03125 y=422443.25 z=146.539993,SidewaysCar_0_0 x=332955.5625 y=426399.40625 z=133.182999,
2024-05-08 15:29:34:445,AheadCar_0_0 x=330194.9375 y=422408.96875 z=146.539993,SidewaysCar_0_0 x=332933.84375 y=426372.125 z=133.188004,
2024-05-08 15:29:34:470,AheadCar_0_0 x=330170.40625 y=422378.9375 z=146.539993,SidewaysCar_0_0 x=332913.9375 y=426347.09375 z=133.192993,
2024-05-08 15:29:34:495,AheadCar_0_0 x=330145.71875 y=422348.84375 z=146.539993,SidewaysCar_0_0 x=332894.09375 y=426322.1875 z=133.197998,
2024-05-08 15:29:34:520,AheadCar_0_0 x=330145.71875 y=422348.84375 z=146.539993,SidewaysCar_0_0 x=332894.09375 y=426322.1875 z=133.197998,
2024-05-08 15:29:34:545,AheadCar_0_0 x=330121.75 y=422319.53125 z=146.539993,SidewaysCar_0_0 x=332874.5625 y=426297.71875 z=133.203003,
2024-05-08 15:29:34:570,AheadCar_0_0 x=330095.65625 y=422287.625 z=146.539993,SidewaysCar_0_0 x=332853.625 y=426271.53125 z=133.207001,
2024-05-08 15:29:34:595,AheadCar_0_0 x=330071.59375 y=422258.25 z=146.539993,SidewaysCar_0_0 x=332834.625 y=426247.78125 z=133.210999,
2024-05-08 15:29:34:620,AheadCar_0_0 x=330043.5625 y=422223.96875 z=146.539993,SidewaysCar_0_0 x=332812.84375 y=426220.5625 z=133.216003,
2024-05-08 15:29:34:645,AheadCar_0_0 x=330017.03125 y=422191.59375 z=146.541,SidewaysCar_0_0 x=332792.375 y=426195.0625 z=133.220001,
2024-05-08 15:29:34:670,AheadCar_0_0 x=329994.21875 y=422163.71875 z=146.544006,SidewaysCar_0_0 x=332773.4375 y=426171.5 z=133.246994,
2024-05-08 15:29:34:695,AheadCar_0_0 x=329970.59375 y=422134.875 z=146.548004,SidewaysCar_0_0 x=332754.125 y=426147.4375 z=133.285004,
2024-05-08 15:29:34:720,AheadCar_0_0 x=329945.4375 y=422104.1875 z=146.552002,SidewaysCar_0_0 x=332733.875 y=426122.28125 z=133.326004,
2024-05-08 15:29:34:745,AheadCar_0_0 x=329921.53125 y=422075.03125 z=146.556,SidewaysCar_0_0 x=332714.875 y=426098.71875 z=133.363007,
2024-05-08 15:29:34:770,AheadCar_0_0 x=329921.53125 y=422075.03125 z=146.556,SidewaysCar_0_0 x=332714.875 y=426098.71875 z=133.363007,
2024-05-08 15:29:34:795,AheadCar_0_0 x=329921.53125 y=422075.03125 z=146.556,SidewaysCar_0_0 x=332714.875 y=426098.71875 z=133.363007,
2024-05-08 15:29:34:820,AheadCar_0_0 x=329921.53125 y=422075.03125 z=146.556,SidewaysCar_0_0 x=332714.875 y=426098.71875 z=133.363007,
2024-05-08 15:29:34:845,AheadCar_0_0 x=329817.5625 y=421948.21875 z=146.572998,SidewaysCar_0_0 x=332635.59375 y=426000.53125 z=133.572998,
2024-05-08 15:29:34:870,AheadCar_0_0 x=329796.4375 y=421922.5 z=146.576996,SidewaysCar_0_0 x=332618.25 y=425979.125 z=133.638,
2024-05-08 15:29:34:895,AheadCar_0_0 x=329772.4375 y=421893.28125 z=146.582001,SidewaysCar_0_0 x=332598.125 y=425954.3125 z=133.712997,
2024-05-08 15:29:34:920,AheadCar_0_0 x=329747.0 y=421862.28125 z=146.587997,SidewaysCar_0_0 x=332577.03125 y=425928.34375 z=133.792007,
2024-05-08 15:29:34:945,AheadCar_0_0 x=329721.28125 y=421830.9375 z=146.593994,SidewaysCar_0_0 x=332556.0625 y=425902.5625 z=133.869003,
2024-05-08 15:29:34:970,AheadCar_0_0 x=329697.0 y=421801.375 z=146.598999,SidewaysCar_0_0 x=332536.5625 y=425878.625 z=133.942001,
2024-05-08 15:29:34:995,AheadCar_0_0 x=329671.4375 y=421770.28125 z=146.585999,SidewaysCar_0_0 x=332516.375 y=425853.8125 z=134.016998,
2024-05-08 15:29:35:020,AheadCar_0_0 x=329671.4375 y=421770.28125 z=146.585999,SidewaysCar_0_0 x=332516.375 y=425853.8125 z=134.016998,
2024-05-08 15:29:35:045,AheadCar_0_0 x=329644.125 y=421737.03125 z=146.442001,SidewaysCar_0_0 x=332495.125 y=425827.78125 z=134.095001,
2024-05-08 15:29:35:070,AheadCar_0_0 x=329620.875 y=421708.75 z=146.337997,SidewaysCar_0_0 x=332477.3125 y=425805.9375 z=134.160995,
2024-05-08 15:29:35:095,AheadCar_0_0 x=329592.96875 y=421674.8125 z=146.212006,SidewaysCar_0_0 x=332456.28125 y=425780.21875 z=134.238007,
2024-05-08 15:29:35:120,AheadCar_0_0 x=329569.875 y=421646.78125 z=146.108002,SidewaysCar_0_0 x=332436.78125 y=425756.34375 z=134.309006,
2024-05-08 15:29:35:145,AheadCar_0_0 x=329546.5 y=421618.34375 z=146.033997,SidewaysCar_0_0 x=332417.3125 y=425732.5625 z=134.380005,
2024-05-08 15:29:35:170,AheadCar_0_0 x=329523.40625 y=421590.28125 z=146.016006,SidewaysCar_0_0 x=332398.40625 y=425709.5 z=134.449005,
2024-05-08 15:29:35:195,AheadCar_0_0 x=329498.125 y=421559.625 z=145.994995,SidewaysCar_0_0 x=332377.96875 y=425684.6875 z=134.522995,
2024-05-08 15:29:35:220,AheadCar_0_0 x=329475.4375 y=421532.09375 z=145.977005,SidewaysCar_0_0 x=332359.96875 y=425662.71875 z=134.589005,
2024-05-08 15:29:35:245,AheadCar_0_0 x=329448.28125 y=421499.21875 z=145.871002,SidewaysCar_0_0 x=332338.53125 y=425636.625 z=134.666,
2024-05-08 15:29:35:270,AheadCar_0_0 x=329425.125 y=421471.125 z=145.766998,SidewaysCar_0_0 x=332320.1875 y=425614.34375 z=134.733994,
2024-05-08 15:29:35:295,AheadCar_0_0 x=329396.96875 y=421437.0 z=145.126999,SidewaysCar_0_0 x=332298.15625 y=425587.59375 z=134.841003,
2024-05-08 15:29:35:320,AheadCar_0_0 x=329370.25 y=421404.625 z=144.440002,SidewaysCar_0_0 x=332277.5625 y=425562.625 z=134.940002,
2024-05-08 15:29:35:345,AheadCar_0_0 x=329345.21875 y=421374.40625 z=143.796005,SidewaysCar_0_0 x=332258.5 y=425539.5625 z=135.031998,
2024-05-08 15:29:35:370,AheadCar_0_0 x=329319.9375 y=421343.78125 z=143.561996,SidewaysCar_0_0 x=332238.15625 y=425514.90625 z=135.130997,
2024-05-08 15:29:35:395,AheadCar_0_0 x=329295.15625 y=421313.78125 z=143.343994,SidewaysCar_0_0 x=332217.53125 y=425489.96875 z=135.229996,
2024-05-08 15:29:35:420,AheadCar_0_0 x=329272.3125 y=421286.1875 z=142.979004,SidewaysCar_0_0 x=332198.71875 y=425467.25 z=135.320007,
2024-05-08 15:29:35:445,AheadCar_0_0 x=329246.3125 y=421254.71875 z=142.126999,SidewaysCar_0_0 x=332177.5 y=425441.625 z=135.421997,
2024-05-08 15:29:35:470,AheadCar_0_0 x=329218.34375 y=421220.90625 z=141.212006,SidewaysCar_0_0 x=332154.90625 y=425414.40625 z=135.529999,
2024-05-08 15:29:35:495,AheadCar_0_0 x=329218.34375 y=421220.90625 z=141.212006,SidewaysCar_0_0 x=332154.90625 y=425414.40625 z=135.529999,
2024-05-08 15:29:35:520,AheadCar_0_0 x=329193.6875 y=421191.125 z=140.406006,SidewaysCar_0_0 x=332135.1875 y=425390.65625 z=135.623993,
2024-05-08 15:29:35:545,AheadCar_0_0 x=329168.9375 y=421161.21875 z=139.973999,SidewaysCar_0_0 x=332115.5625 y=425367.0 z=135.716995,
2024-05-08 15:29:35:570,AheadCar_0_0 x=329142.875 y=421129.75 z=139.563004,SidewaysCar_0_0 x=332095.0625 y=425342.375 z=135.815002,
2024-05-08 15:29:35:595,AheadCar_0_0 x=329119.8125 y=421101.875 z=139.199005,SidewaysCar_0_0 x=332077.03125 y=425320.71875 z=135.899994,
2024-05-08 15:29:35:620,AheadCar_0_0 x=329092.6875 y=421069.125 z=138.772003,SidewaysCar_0_0 x=332055.8125 y=425295.1875 z=136.001007,
2024-05-08 15:29:35:645,AheadCar_0_0 x=329066.625 y=421037.65625 z=138.360992,SidewaysCar_0_0 x=332035.5625 y=425270.90625 z=136.097,
2024-05-08 15:29:35:670,AheadCar_0_0 x=329041.6875 y=421007.5625 z=137.966995,SidewaysCar_0_0 x=332015.96875 y=425247.4375 z=136.201004,
2024-05-08 15:29:35:695,AheadCar_0_0 x=329017.25 y=420978.0625 z=137.582001,SidewaysCar_0_0 x=331995.75 y=425223.15625 z=136.320999,
2024-05-08 15:29:35:720,AheadCar_0_0 x=328991.40625 y=420946.84375 z=137.173996,SidewaysCar_0_0 x=331974.5 y=425197.75 z=136.447006,
2024-05-08 15:29:35:745,AheadCar_0_0 x=328968.5 y=420919.21875 z=136.813004,SidewaysCar_0_0 x=331955.8125 y=425175.375 z=136.557999,
2024-05-08 15:29:35:770,AheadCar_0_0 x=328941.875 y=420887.125 z=136.393997,SidewaysCar_0_0 x=331934.1875 y=425149.53125 z=136.686005,
2024-05-08 15:29:35:795,AheadCar_0_0 x=328918.28125 y=420858.625 z=136.020996,SidewaysCar_0_0 x=331915.0625 y=425126.6875 z=136.800003,
2024-05-08 15:29:35:820,AheadCar_0_0 x=328892.96875 y=420828.0625 z=135.621994,SidewaysCar_0_0 x=331894.6875 y=425102.34375 z=136.919998,
2024-05-08 15:29:35:845,AheadCar_0_0 x=328867.5625 y=420797.4375 z=135.222,SidewaysCar_0_0 x=331874.3125 y=425078.0625 z=137.039993,
2024-05-08 15:29:35:870,AheadCar_0_0 x=328841.25 y=420765.6875 z=134.807007,SidewaysCar_0_0 x=331853.34375 y=425053.03125 z=137.164001,
2024-05-08 15:29:35:895,AheadCar_0_0 x=328816.5 y=420735.84375 z=134.417007,SidewaysCar_0_0 x=331833.65625 y=425029.5625 z=137.279999,
2024-05-08 15:29:35:920,AheadCar_0_0 x=328816.5 y=420735.84375 z=134.417007,SidewaysCar_0_0 x=331833.65625 y=425029.5625 z=137.279999,
2024-05-08 15:29:35:945,AheadCar_0_0 x=328782.53125 y=420694.84375 z=133.880997,SidewaysCar_0_0 x=331806.8125 y=424997.5625 z=137.438004,
2024-05-08 15:29:35:970,AheadCar_0_0 x=328755.9375 y=420662.75 z=133.460999,SidewaysCar_0_0 x=331785.875 y=424972.6875 z=137.796997,
2024-05-08 15:29:35:995,AheadCar_0_0 x=328730.96875 y=420632.625 z=133.067993,SidewaysCar_0_0 x=331766.1875 y=424949.21875 z=138.192993,
2024-05-08 15:29:36:020,AheadCar_0_0 x=328706.53125 y=420603.125 z=132.682007,SidewaysCar_0_0 x=331746.1875 y=424925.4375 z=138.593994,
2024-05-08 15:29:36:045,AheadCar_0_0 x=328675.28125 y=420565.46875 z=132.190002,SidewaysCar_0_0 x=331720.75 y=424895.1875 z=139.102997,
2024-05-08 15:29:36:070,AheadCar_0_0 x=328651.25 y=420536.46875 z=131.811005,SidewaysCar_0_0 x=331701.1875 y=424871.96875 z=139.494003,
2024-05-08 15:29:36:095,AheadCar_0_0 x=328623.8125 y=420503.375 z=131.378006,SidewaysCar_0_0 x=331678.9375 y=424845.53125 z=139.940002,
2024-05-08 15:29:36:120,AheadCar_0_0 x=328598.96875 y=420473.375 z=130.985992,SidewaysCar_0_0 x=331658.8125 y=424821.65625 z=140.341995,
2024-05-08 15:29:36:145,AheadCar_0_0 x=328572.03125 y=420440.875 z=130.587006,SidewaysCar_0_0 x=331637.03125 y=424795.8125 z=140.778,
2024-05-08 15:29:36:170,AheadCar_0_0 x=328546.34375 y=420409.84375 z=130.246994,SidewaysCar_0_0 x=331616.28125 y=424771.1875 z=141.192001,
2024-05-08 15:29:36:195,AheadCar_0_0 x=328546.34375 y=420409.84375 z=130.246994,SidewaysCar_0_0 x=331616.28125 y=424771.1875 z=141.192001,
2024-05-08 15:29:36:220,AheadCar_0_0 x=328521.4375 y=420379.84375 z=129.917007,SidewaysCar_0_0 x=331596.21875 y=424747.40625 z=141.302002,
2024-05-08 15:29:36:245,AheadCar_0_0 x=328496.28125 y=420349.46875 z=129.582993,SidewaysCar_0_0 x=331575.9375 y=424723.3125 z=141.651001,
2024-05-08 15:29:36:270,AheadCar_0_0 x=328468.78125 y=420316.25 z=129.218994,SidewaysCar_0_0 x=331553.78125 y=424697.09375 z=142.082001,
2024-05-08 15:29:36:295,AheadCar_0_0 x=328443.78125 y=420286.09375 z=128.886993,SidewaysCar_0_0 x=331533.8125 y=424673.4375 z=142.470001,
2024-05-08 15:29:36:320,AheadCar_0_0 x=328416.59375 y=420253.28125 z=128.526993,SidewaysCar_0_0 x=331512.3125 y=424648.0 z=142.888,
2024-05-08 15:29:36:345,AheadCar_0_0 x=328391.5 y=420222.9375 z=128.194,SidewaysCar_0_0 x=331492.125 y=424624.09375 z=143.281006,
2024-05-08 15:29:36:370,AheadCar_0_0 x=328367.71875 y=420194.25 z=128.026001,SidewaysCar_0_0 x=331472.96875 y=424601.375 z=143.653,
2024-05-08 15:29:36:395,AheadCar_0_0 x=328341.8125 y=420162.96875 z=128.906006,SidewaysCar_0_0 x=331452.03125 y=424576.625 z=144.059998,
2024-05-08 15:29:36:420,AheadCar_0_0 x=328314.6875 y=420130.21875 z=129.199005,SidewaysCar_0_0 x=331430.15625 y=424550.6875 z=144.363998,
2024-05-08 15:29:36:445,AheadCar_0_0 x=328291.09375 y=420101.6875 z=128.274002,SidewaysCar_0_0 x=331411.0 y=424528.09375 z=144.455994,
2024-05-08 15:29:36:470,AheadCar_0_0 x=328264.0 y=420069.0 z=127.977997,SidewaysCar_0_0 x=331389.09375 y=424502.15625 z=144.561996,
2024-05-08 15:29:36:495,AheadCar_0_0 x=328238.46875 y=420038.15625 z=126.050003,SidewaysCar_0_0 x=331368.375 y=424477.625 z=144.660995,
2024-05-08 15:29:36:520,AheadCar_0_0 x=328213.5625 y=420008.0625 z=125.199997,SidewaysCar_0_0 x=331348.15625 y=424453.71875 z=144.757996,
2024-05-08 15:29:36:545,AheadCar_0_0 x=328188.9375 y=419978.28125 z=125.348,SidewaysCar_0_0 x=331328.09375 y=424430.03125 z=144.854996,
2024-05-08 15:29:36:570,AheadCar_0_0 x=328163.03125 y=419946.96875 z=125.893997,SidewaysCar_0_0 x=331306.96875 y=424405.03125 z=144.955994,
2024-05-08 15:29:36:595,AheadCar_0_0 x=328138.75 y=419917.59375 z=126.315002,SidewaysCar_0_0 x=331287.125 y=424381.53125 z=145.001999,
2024-05-08 15:29:36:620,AheadCar_0_0 x=328138.75 y=419917.59375 z=126.315002,SidewaysCar_0_0 x=331287.125 y=424381.53125 z=145.001999,
2024-05-08 15:29:36:645,AheadCar_0_0 x=328111.21875 y=419884.28125 z=124.551003,SidewaysCar_0_0 x=331264.78125 y=424355.0625 z=144.942001,
2024-05-08 15:29:36:670,AheadCar_0_0 x=328085.5 y=419853.1875 z=124.149002,SidewaysCar_0_0 x=331244.28125 y=424330.875 z=144.886993,
2024-05-08 15:29:36:695,AheadCar_0_0 x=328059.25 y=419821.4375 z=122.649002,SidewaysCar_0_0 x=331223.4375 y=424306.1875 z=144.893005,
2024-05-08 15:29:36:720,AheadCar_0_0 x=328034.84375 y=419791.9375 z=121.084,SidewaysCar_0_0 x=331203.96875 y=424283.15625 z=144.985992,
2024-05-08 15:29:36:745,AheadCar_0_0 x=328008.03125 y=419759.46875 z=119.363998,SidewaysCar_0_0 x=331182.5 y=424257.75 z=145.089005,
2024-05-08 15:29:36:770,AheadCar_0_0 x=327983.125 y=419729.34375 z=118.069,SidewaysCar_0_0 x=331162.53125 y=424234.15625 z=145.184998,
2024-05-08 15:29:36:795,AheadCar_0_0 x=327956.78125 y=419697.375 z=117.473,SidewaysCar_0_0 x=331141.28125 y=424209.0 z=145.287003,
2024-05-08 15:29:36:820,AheadCar_0_0 x=327933.5625 y=419669.3125 z=117.047997,SidewaysCar_0_0 x=331122.53125 y=424186.8125 z=145.315002,
2024-05-08 15:29:36:845,AheadCar_0_0 x=327905.71875 y=419635.5625 z=116.537003,SidewaysCar_0_0 x=331099.90625 y=424160.03125 z=145.253006,
2024-05-08 15:29:36:870,AheadCar_0_0 x=327876.21875 y=419599.8125 z=115.996002,SidewaysCar_0_0 x=331075.875 y=424131.59375 z=145.007996,
2024-05-08 15:29:36:895,AheadCar_0_0 x=327851.46875 y=419569.75 z=115.542,SidewaysCar_0_0 x=331055.5625 y=424107.53125 z=144.802002,
2024-05-08 15:29:36:920,AheadCar_0_0 x=327851.46875 y=419569.75 z=115.542,SidewaysCar_0_0 x=331055.5625 y=424107.53125 z=144.802002,
2024-05-08 15:29:36:945,AheadCar_0_0 x=327826.3125 y=419539.28125 z=115.081001,SidewaysCar_0_0 x=331034.84375 y=424083.0 z=144.591003,
2024-05-08 15:29:36:970,AheadCar_0_0 x=327799.46875 y=419506.71875 z=114.587997,SidewaysCar_0_0 x=331012.59375 y=424056.6875 z=144.365005,
2024-05-08 15:29:36:995,AheadCar_0_0 x=327776.15625 y=419478.46875 z=114.161003,SidewaysCar_0_0 x=330993.25 y=424033.71875 z=144.167007,
2024-05-08 15:29:37:020,AheadCar_0_0 x=327750.5625 y=419447.40625 z=114.119003,SidewaysCar_0_0 x=330972.5625 y=424009.25 z=143.957001,
2024-05-08 15:29:37:045,AheadCar_0_0 x=327725.34375 y=419416.8125 z=114.119003,SidewaysCar_0_0 x=330952.875 y=423985.875 z=143.755997,
2024-05-08 15:29:37:070,AheadCar_0_0 x=327701.1875 y=419387.46875 z=114.119003,SidewaysCar_0_0 x=330933.84375 y=423963.375 z=143.563004,
2024-05-08 15:29:37:095,AheadCar_0_0 x=327676.21875 y=419357.125 z=114.119003,SidewaysCar_0_0 x=330914.15625 y=423939.96875 z=143.408997,
2024-05-08 15:29:37:120,AheadCar_0_0 x=327649.25 y=419324.34375 z=114.119003,SidewaysCar_0_0 x=330892.71875 y=423914.53125 z=143.298004,
2024-05-08 15:29:37:145,AheadCar_0_0 x=327626.625 y=419296.84375 z=114.119003,SidewaysCar_0_0 x=330874.59375 y=423893.03125 z=143.203995,
2024-05-08 15:29:37:170,AheadCar_0_0 x=327600.75 y=419265.34375 z=114.119003,SidewaysCar_0_0 x=330853.71875 y=423868.28125 z=143.095001,
2024-05-08 15:29:37:195,AheadCar_0_0 x=327576.15625 y=419235.4375 z=114.119003,SidewaysCar_0_0 x=330833.8125 y=423844.59375 z=142.992004,
2024-05-08 15:29:37:220,AheadCar_0_0 x=327549.9375 y=419203.5625 z=114.119003,SidewaysCar_0_0 x=330812.4375 y=423819.21875 z=142.880997,
2024-05-08 15:29:37:245,AheadCar_0_0 x=327524.125 y=419172.09375 z=114.119003,SidewaysCar_0_0 x=330791.21875 y=423794.03125 z=142.770996,
2024-05-08 15:29:37:270,AheadCar_0_0 x=327497.375 y=419139.53125 z=114.119003,SidewaysCar_0_0 x=330769.0625 y=423767.6875 z=142.673004,
2024-05-08 15:29:37:295,AheadCar_0_0 x=327475.0 y=419112.21875 z=114.119003,SidewaysCar_0_0 x=330750.375 y=423745.46875 z=142.669006,
2024-05-08 15:29:37:320,AheadCar_0_0 x=327448.21875 y=419079.59375 z=114.119003,SidewaysCar_0_0 x=330727.875 y=423718.6875 z=142.664001,
2024-05-08 15:29:37:345,AheadCar_0_0 x=327448.21875 y=419079.59375 z=114.119003,SidewaysCar_0_0 x=330727.875 y=423718.6875 z=142.664001,
2024-05-08 15:29:37:370,AheadCar_0_0 x=327421.125 y=419046.53125 z=114.119003,SidewaysCar_0_0 x=330705.375 y=423691.9375 z=142.660004,
2024-05-08 15:29:37:395,AheadCar_0_0 x=327395.4375 y=419015.15625 z=114.119003,SidewaysCar_0_0 x=330685.09375 y=423667.75 z=142.656006,
2024-05-08 15:29:37:420,AheadCar_0_0 x=327370.65625 y=418984.90625 z=114.119003,SidewaysCar_0_0 x=330665.90625 y=423644.90625 z=142.651993,
2024-05-08 15:29:37:445,AheadCar_0_0 x=327344.6875 y=418953.15625 z=114.119003,SidewaysCar_0_0 x=330645.65625 y=423620.78125 z=142.647995,
2024-05-08 15:29:37:470,AheadCar_0_0 x=327321.71875 y=418925.09375 z=114.119003,SidewaysCar_0_0 x=330627.59375 y=423599.21875 z=142.645004,
2024-05-08 15:29:37:495,AheadCar_0_0 x=327293.09375 y=418890.09375 z=114.119003,SidewaysCar_0_0 x=330604.84375 y=423572.09375 z=142.641006,
2024-05-08 15:29:37:520,AheadCar_0_0 x=327269.53125 y=418861.25 z=114.119003,SidewaysCar_0_0 x=330585.9375 y=423549.5625 z=142.638,
2024-05-08 15:29:37:545,AheadCar_0_0 x=327242.71875 y=418828.40625 z=114.119003,SidewaysCar_0_0 x=330564.21875 y=423523.625 z=142.634003,
2024-05-08 15:29:37:570,AheadCar_0_0 x=327214.90625 y=418794.3125 z=114.119003,SidewaysCar_0_0 x=330541.4375 y=423496.40625 z=142.630005,
2024-05-08 15:29:37:595,AheadCar_0_0 x=327189.4375 y=418763.0625 z=114.119003,SidewaysCar_0_0 x=330520.34375 y=423471.1875 z=142.626007,
2024-05-08 15:29:37:620,AheadCar_0_0 x=327165.53125 y=418733.71875 z=114.119003,SidewaysCar_0_0 x=330500.3125 y=423447.25 z=142.623001,
2024-05-08 15:29:37:645,AheadCar_0_0 x=327142.03125 y=418704.8125 z=114.119003,SidewaysCar_0_0 x=330480.375 y=423423.4375 z=142.619995,
2024-05-08 15:29:37:670,AheadCar_0_0 x=327116.28125 y=418673.1875 z=114.119003,SidewaysCar_0_0 x=330459.46875 y=423398.34375 z=142.615997,
2024-05-08 15:29:37:695,AheadCar_0_0 x=327089.5625 y=418640.3125 z=114.119003,SidewaysCar_0_0 x=330438.21875 y=423372.9375 z=142.613007,
2024-05-08 15:29:37:720,AheadCar_0_0 x=327089.5625 y=418640.3125 z=114.119003,SidewaysCar_0_0 x=330438.21875 y=423372.9375 z=142.613007,
2024-05-08 15:29:37:745,AheadCar_0_0 x=327064.71875 y=418609.6875 z=114.119003,SidewaysCar_0_0 x=330418.21875 y=423348.9375 z=142.610001,
2024-05-08 15:29:37:770,AheadCar_0_0 x=327037.5625 y=418576.25 z=114.119003,SidewaysCar_0_0 x=330396.0625 y=423322.4375 z=142.606995,
2024-05-08 15:29:37:795,AheadCar_0_0 x=327013.09375 y=418546.0625 z=114.105003,SidewaysCar_0_0 x=330376.34375 y=423298.75 z=142.604004,
2024-05-08 15:29:37:820,AheadCar_0_0 x=326989.3125 y=418516.6875 z=114.014,SidewaysCar_0_0 x=330357.65625 y=423276.34375 z=142.600998,
2024-05-08 15:29:37:845,AheadCar_0_0 x=326964.6875 y=418486.21875 z=113.919998,SidewaysCar_0_0 x=330338.0625 y=423252.78125 z=142.598999,
2024-05-08 15:29:37:870,AheadCar_0_0 x=326939.65625 y=418455.21875 z=113.824997,SidewaysCar_0_0 x=330317.8125 y=423228.5 z=142.595993,
2024-05-08 15:29:37:895,AheadCar_0_0 x=326916.5625 y=418426.6875 z=113.737999,SidewaysCar_0_0 x=330298.9375 y=423205.78125 z=142.593994,
2024-05-08 15:29:37:920,AheadCar_0_0 x=326891.90625 y=418396.09375 z=113.707001,SidewaysCar_0_0 x=330278.4375 y=423181.125 z=142.591003,
2024-05-08 15:29:37:945,AheadCar_0_0 x=326866.53125 y=418364.59375 z=113.707001,SidewaysCar_0_0 x=330257.0 y=423155.3125 z=142.587997,
2024-05-08 15:29:37:970,AheadCar_0_0 x=326842.34375 y=418334.5 z=113.708,SidewaysCar_0_0 x=330237.65625 y=423132.0625 z=142.585999,
2024-05-08 15:29:37:995,AheadCar_0_0 x=326816.53125 y=418302.375 z=113.709,SidewaysCar_0_0 x=330217.78125 y=423108.125 z=142.584,
2024-05-08 15:29:38:020,AheadCar_0_0 x=326790.09375 y=418269.40625 z=113.514999,SidewaysCar_0_0 x=330197.0625 y=423083.125 z=142.582001,
2024-05-08 15:29:38:045,AheadCar_0_0 x=326766.53125 y=418239.96875 z=113.287003,SidewaysCar_0_0 x=330178.21875 y=423060.40625 z=142.580002,
2024-05-08 15:29:38:070,AheadCar_0_0 x=326737.28125 y=418203.4375 z=113.004997,SidewaysCar_0_0 x=330154.375 y=423031.65625 z=142.578003,
2024-05-08 15:29:38:095,AheadCar_0_0 x=326715.28125 y=418175.84375 z=112.792,SidewaysCar_0_0 x=330136.0625 y=423009.53125 z=142.576996,
2024-05-08 15:29:38:120,AheadCar_0_0 x=326689.25 y=418143.125 z=112.480003,SidewaysCar_0_0 x=330113.90625 y=422982.78125 z=142.576004,
2024-05-08 15:29:38:145,AheadCar_0_0 x=326689.25 y=418143.125 z=112.480003,SidewaysCar_0_0 x=330113.90625 y=422982.78125 z=142.576004,
2024-05-08 15:29:38:170,AheadCar_0_0 x=326664.28125 y=418111.75 z=112.186996,SidewaysCar_0_0 x=330092.21875 y=422956.53125 z=142.576004,
2024-05-08 15:29:38:195,AheadCar_0_0 x=326640.4375 y=418081.71875 z=111.870003,SidewaysCar_0_0 x=330071.0 y=422930.90625 z=142.574997,
2024-05-08 15:29:38:220,AheadCar_0_0 x=326617.25 y=418052.375 z=111.419998,SidewaysCar_0_0 x=330050.28125 y=422905.78125 z=142.574997,
2024-05-08 15:29:38:245,AheadCar_0_0 x=326588.625 y=418016.1875 z=110.873001,SidewaysCar_0_0 x=330028.53125 y=422879.5 z=142.574005,
2024-05-08 15:29:38:270,AheadCar_0_0 x=326566.53125 y=417988.09375 z=110.557999,SidewaysCar_0_0 x=330011.46875 y=422858.8125 z=142.572006,
2024-05-08 15:29:38:295,AheadCar_0_0 x=326537.65625 y=417951.375 z=109.775002,SidewaysCar_0_0 x=329988.71875 y=422831.21875 z=142.570999,
2024-05-08 15:29:38:320,AheadCar_0_0 x=326512.84375 y=417919.6875 z=109.099998,SidewaysCar_0_0 x=329968.6875 y=422807.0 z=142.569,
2024-05-08 15:29:38:345,AheadCar_0_0 x=326485.375 y=417884.5 z=108.351997,SidewaysCar_0_0 x=329946.0625 y=422779.59375 z=142.569,
2024-05-08 15:29:38:370,AheadCar_0_0 x=326462.75 y=417855.53125 z=107.735001,SidewaysCar_0_0 x=329927.03125 y=422756.5625 z=142.567993,
2024-05-08 15:29:38:395,AheadCar_0_0 x=326437.125 y=417822.53125 z=107.112,SidewaysCar_0_0 x=329905.0625 y=422729.90625 z=142.569,
2024-05-08 15:29:38:420,AheadCar_0_0 x=326413.125 y=417791.5625 z=106.533997,SidewaysCar_0_0 x=329884.0 y=422704.40625 z=142.570007,
2024-05-08 15:29:38:445,AheadCar_0_0 x=326413.125 y=417791.5625 z=106.533997,SidewaysCar_0_0 x=329884.0 y=422704.40625 z=142.570007,
2024-05-08 15:29:38:470,AheadCar_0_0 x=326386.78125 y=417757.46875 z=105.967003,SidewaysCar_0_0 x=329862.9375 y=422678.90625 z=142.570999,
2024-05-08 15:29:38:495,AheadCar_0_0 x=326362.34375 y=417725.75 z=105.474998,SidewaysCar_0_0 x=329843.15625 y=422654.90625 z=142.572006,
2024-05-08 15:29:38:520,AheadCar_0_0 x=326338.625 y=417694.875 z=105.012001,SidewaysCar_0_0 x=329823.5625 y=422631.15625 z=142.572998,
2024-05-08 15:29:38:545,AheadCar_0_0 x=326315.4375 y=417664.59375 z=104.264,SidewaysCar_0_0 x=329804.0 y=422607.46875 z=142.574005,
2024-05-08 15:29:38:570,AheadCar_0_0 x=326289.90625 y=417631.1875 z=103.530998,SidewaysCar_0_0 x=329782.03125 y=422580.8125 z=142.574997,
2024-05-08 15:29:38:595,AheadCar_0_0 x=326268.875 y=417603.5625 z=103.091003,SidewaysCar_0_0 x=329763.5625 y=422558.375 z=142.576004,
2024-05-08 15:29:38:620,AheadCar_0_0 x=326246.0625 y=417573.46875 z=102.616997,SidewaysCar_0_0 x=329743.03125 y=422533.53125 z=142.576996,
2024-05-08 15:29:38:645,AheadCar_0_0 x=326223.28125 y=417543.40625 z=102.154999,SidewaysCar_0_0 x=329723.03125 y=422509.28125 z=142.578003,
2024-05-08 15:29:38:670,AheadCar_0_0 x=326199.59375 y=417512.0 z=101.536003,SidewaysCar_0_0 x=329703.53125 y=422485.59375 z=142.578995,
2024-05-08 15:29:38:695,AheadCar_0_0 x=326176.375 y=417481.125 z=100.928001,SidewaysCar_0_0 x=329684.78125 y=422462.84375 z=142.580002,
2024-05-08 15:29:38:720,AheadCar_0_0 x=326150.78125 y=417446.9375 z=100.254997,SidewaysCar_0_0 x=329663.625 y=422437.1875 z=142.580994,
2024-05-08 15:29:38:745,AheadCar_0_0 x=326130.0625 y=417419.125 z=99.708,SidewaysCar_0_0 x=329646.15625 y=422415.96875 z=142.582001,
2024-05-08 15:29:38:770,AheadCar_0_0 x=326105.25 y=417385.75 z=99.080002,SidewaysCar_0_0 x=329624.8125 y=422390.0625 z=142.584,
2024-05-08 15:29:38:795,AheadCar_0_0 x=326082.59375 y=417355.21875 z=98.745003,SidewaysCar_0_0 x=329604.875 y=422365.84375 z=142.585999,
2024-05-08 15:29:38:820,AheadCar_0_0 x=326059.21875 y=417323.59375 z=98.399002,SidewaysCar_0_0 x=329585.1875 y=422341.96875 z=142.589005,
2024-05-08 15:29:38:845,AheadCar_0_0 x=326036.1875 y=417292.21875 z=98.121002,SidewaysCar_0_0 x=329566.09375 y=422318.78125 z=142.591003,
2024-05-08 15:29:38:870,AheadCar_0_0 x=326010.9375 y=417257.78125 z=98.070999,SidewaysCar_0_0 x=329544.71875 y=422292.84375 z=142.593994,
2024-05-08 15:29:38:895,AheadCar_0_0 x=325989.375 y=417228.25 z=98.027,SidewaysCar_0_0 x=329526.09375 y=422270.21875 z=142.595993,
2024-05-08 15:29:38:920,AheadCar_0_0 x=325965.59375 y=417195.59375 z=97.978996,SidewaysCar_0_0 x=329505.125 y=422244.8125 z=142.598999,
2024-05-08 15:29:38:945,AheadCar_0_0 x=325943.96875 y=417165.71875 z=97.874001,SidewaysCar_0_0 x=329485.71875 y=422221.21875 z=142.602005,
2024-05-08 15:29:38:970,AheadCar_0_0 x=325919.84375 y=417132.34375 z=97.612,SidewaysCar_0_0 x=329464.625 y=422195.625 z=142.604004,
2024-05-08 15:29:38:995,AheadCar_0_0 x=325896.71875 y=417100.1875 z=97.360001,SidewaysCar_0_0 x=329444.71875 y=422171.40625 z=142.606995,
2024-05-08 15:29:39:020,AheadCar_0_0 x=325896.71875 y=417100.1875 z=97.360001,SidewaysCar_0_0 x=329444.71875 y=422171.40625 z=142.606995,
2024-05-08 15:29:39:045,AheadCar_0_0 x=325874.5 y=417069.28125 z=97.050003,SidewaysCar_0_0 x=329425.3125 y=422147.84375 z=142.610001,
2024-05-08 15:29:39:070,AheadCar_0_0 x=325852.125 y=417038.03125 z=96.674004,SidewaysCar_0_0 x=329405.375 y=422123.65625 z=142.613007,
2024-05-08 15:29:39:095,AheadCar_0_0 x=325828.96875 y=417005.5 z=96.417999,SidewaysCar_0_0 x=329384.4375 y=422098.1875 z=142.548996,
2024-05-08 15:29:39:120,AheadCar_0_0 x=325808.03125 y=416976.09375 z=96.186996,SidewaysCar_0_0 x=329365.25 y=422074.875 z=142.442993,
2024-05-08 15:29:39:145,AheadCar_0_0 x=325783.0 y=416940.8125 z=96.203003,SidewaysCar_0_0 x=329343.0625 y=422047.9375 z=142.343002,
2024-05-08 15:29:39:170,AheadCar_0_0 x=325757.625 y=416904.96875 z=96.226997,SidewaysCar_0_0 x=329321.1875 y=422021.34375 z=142.244003,
2024-05-08 15:29:39:195,AheadCar_0_0 x=325734.78125 y=416872.5625 z=96.022003,SidewaysCar_0_0 x=329301.34375 y=421997.25 z=142.154999,
2024-05-08 15:29:39:220,AheadCar_0_0 x=325712.40625 y=416840.8125 z=95.821999,SidewaysCar_0_0 x=329281.6875 y=421973.34375 z=142.067001,
2024-05-08 15:29:39:245,AheadCar_0_0 x=325689.34375 y=416808.03125 z=95.723999,SidewaysCar_0_0 x=329261.3125 y=421948.5625 z=141.975006,
2024-05-08 15:29:39:270,AheadCar_0_0 x=325668.375 y=416778.1875 z=95.455002,SidewaysCar_0_0 x=329242.9375 y=421926.25 z=141.891998,
2024-05-08 15:29:39:295,AheadCar_0_0 x=325644.375 y=416743.96875 z=94.996002,SidewaysCar_0_0 x=329221.90625 y=421900.6875 z=141.798004,
2024-05-08 15:29:39:320,AheadCar_0_0 x=325622.8125 y=416713.21875 z=94.613998,SidewaysCar_0_0 x=329202.90625 y=421877.5625 z=141.712006,
2024-05-08 15:29:39:345,AheadCar_0_0 x=325600.71875 y=416681.65625 z=94.648003,SidewaysCar_0_0 x=329183.375 y=421853.8125 z=141.595001,
2024-05-08 15:29:39:370,AheadCar_0_0 x=325578.90625 y=416650.59375 z=94.678001,SidewaysCar_0_0 x=329164.0625 y=421830.375 z=141.417999,
2024-05-08 15:29:39:395,AheadCar_0_0 x=325554.71875 y=416616.125 z=94.545998,SidewaysCar_0_0 x=329142.5625 y=421804.1875 z=141.220001,
2024-05-08 15:29:39:420,AheadCar_0_0 x=325534.28125 y=416587.03125 z=94.431,SidewaysCar_0_0 x=329124.28125 y=421781.96875 z=141.050995,
2024-05-08 15:29:39:445,AheadCar_0_0 x=325510.21875 y=416552.8125 z=94.081001,SidewaysCar_0_0 x=329102.875 y=421755.9375 z=140.854004,
2024-05-08 15:29:39:470,AheadCar_0_0 x=325488.1875 y=416521.53125 z=93.762001,SidewaysCar_0_0 x=329083.375 y=421732.1875 z=140.673996,
2024-05-08 15:29:39:495,AheadCar_0_0 x=325488.1875 y=416521.53125 z=93.762001,SidewaysCar_0_0 x=329083.375 y=421732.1875 z=140.673996,
2024-05-08 15:29:39:520,AheadCar_0_0 x=325464.53125 y=416487.96875 z=93.419998,SidewaysCar_0_0 x=329062.5 y=421706.8125 z=140.481995,
2024-05-08 15:29:39:545,AheadCar_0_0 x=325442.28125 y=416456.4375 z=93.098999,SidewaysCar_0_0 x=329042.6875 y=421682.75 z=140.373001,
2024-05-08 15:29:39:570,AheadCar_0_0 x=325420.375 y=416425.5625 z=92.759003,SidewaysCar_0_0 x=329022.875 y=421658.625 z=140.264008,
2024-05-08 15:29:39:595,AheadCar_0_0 x=325398.15625 y=416394.28125 z=92.113998,SidewaysCar_0_0 x=329002.90625 y=421634.375 z=140.154007,
2024-05-08 15:29:39:620,AheadCar_0_0 x=325374.125 y=416360.46875 z=91.385002,SidewaysCar_0_0 x=328981.53125 y=421608.3125 z=140.037003,
2024-05-08 15:29:39:645,AheadCar_0_0 x=325351.21875 y=416328.4375 z=91.014999,SidewaysCar_0_0 x=328961.4375 y=421583.90625 z=139.612,
2024-05-08 15:29:39:670,AheadCar_0_0 x=325328.34375 y=416296.5 z=90.698997,SidewaysCar_0_0 x=328942.09375 y=421560.34375 z=139.041,
2024-05-08 15:29:39:695,AheadCar_0_0 x=325306.3125 y=416265.84375 z=90.584999,SidewaysCar_0_0 x=328922.65625 y=421536.71875 z=138.548004,
2024-05-08 15:29:39:720,AheadCar_0_0 x=325283.4375 y=416234.125 z=90.521004,SidewaysCar_0_0 x=328902.53125 y=421512.21875 z=138.371002,
2024-05-08 15:29:39:745,AheadCar_0_0 x=325262.84375 y=416205.6875 z=90.463997,SidewaysCar_0_0 x=328884.71875 y=421490.53125 z=138.214005,
2024-05-08 15:29:39:770,AheadCar_0_0 x=325238.125 y=416171.625 z=90.267998,SidewaysCar_0_0 x=328863.5625 y=421464.8125 z=138.028,
2024-05-08 15:29:39:795,AheadCar_0_0 x=325214.375 y=416139.03125 z=89.996002,SidewaysCar_0_0 x=328843.59375 y=421440.5 z=137.852997,
2024-05-08 15:29:39:820,AheadCar_0_0 x=325189.4375 y=416105.0 z=89.710999,SidewaysCar_0_0 x=328822.96875 y=421415.4375 z=137.447998,
2024-05-08 15:29:39:845,SidewaysCar_0_0 x=328799.75 y=421387.125 z=136.686005,
2024-05-08 15:29:39:870,SidewaysCar_0_0 x=328778.15625 y=421360.875 z=135.977005,
2024-05-08 15:29:39:895,SidewaysCar_0_0 x=328758.875 y=421337.40625 z=135.546005,
2024-05-08 15:29:39:920,SidewaysCar_0_0 x=328758.875 y=421337.40625 z=135.546005,
2024-05-08 15:29:39:945,SidewaysCar_0_0 x=328737.75 y=421311.6875 z=135.212006,
2024-05-08 15:29:39:970,SidewaysCar_0_0 x=328717.53125 y=421287.09375 z=134.893005,
2024-05-08 15:29:39:995,SidewaysCar_0_0 x=328697.78125 y=421263.03125 z=134.580994,
2024-05-08 15:29:40:020,SidewaysCar_0_0 x=328677.875 y=421238.8125 z=134.266006,
2024-05-08 15:29:40:045,SidewaysCar_0_0 x=328654.3125 y=421210.125 z=133.893997,
2024-05-08 15:29:40:070,SidewaysCar_0_0 x=328634.90625 y=421186.46875 z=133.587006,
2024-05-08 15:29:40:095,SidewaysCar_0_0 x=328612.96875 y=421159.78125 z=133.240005,
2024-05-08 15:29:40:120,SidewaysCar_0_0 x=328592.3125 y=421134.65625 z=132.914001,
2024-05-08 15:29:40:145,SidewaysCar_0_0 x=328569.03125 y=421106.25 z=132.546005,
2024-05-08 15:29:40:170,SidewaysCar_0_0 x=328550.28125 y=421083.4375 z=132.248993,
2024-05-08 15:29:40:195,SidewaysCar_0_0 x=328529.5625 y=421058.25 z=131.923004,
2024-05-08 15:29:40:220,SidewaysCar_0_0 x=328510.3125 y=421034.75 z=131.617996,
2024-05-08 15:29:40:245,SidewaysCar_0_0 x=328510.3125 y=421034.75 z=131.617996,
2024-05-08 15:29:40:270,SidewaysCar_0_0 x=328489.59375 y=421009.5625 z=131.291,
2024-05-08 15:29:40:295,SidewaysCar_0_0 x=328469.9375 y=420985.59375 z=130.979996,
2024-05-08 15:29:40:320,SidewaysCar_0_0 x=328450.03125 y=420961.3125 z=130.664993,
2024-05-08 15:29:40:345,SidewaysCar_0_0 x=328430.5625 y=420937.625 z=130.358002,
2024-05-08 15:29:40:370,SidewaysCar_0_0 x=328409.9375 y=420912.53125 z=130.059998,
2024-05-08 15:29:40:395,SidewaysCar_0_0 x=328391.71875 y=420890.34375 z=129.817993,
2024-05-08 15:29:40:420,SidewaysCar_0_0 x=328369.65625 y=420863.46875 z=129.524994,
2024-05-08 15:29:40:445,SidewaysCar_0_0 x=328350.4375 y=420840.0625 z=129.270004,
2024-05-08 15:29:40:470,SidewaysCar_0_0 x=328326.90625 y=420811.40625 z=128.957001,
2024-05-08 15:29:40:495,SidewaysCar_0_0 x=328306.6875 y=420786.75 z=128.688004,
2024-05-08 15:29:40:520,SidewaysCar_0_0 x=328285.03125 y=420760.34375 z=128.401001,
2024-05-08 15:29:40:545,SidewaysCar_0_0 x=328266.78125 y=420738.15625 z=128.158005,
2024-05-08 15:29:40:570,SidewaysCar_0_0 x=328245.125 y=420711.75 z=127.871002,
2024-05-08 15:29:40:595,SidewaysCar_0_0 x=328225.4375 y=420687.78125 z=127.609001,
2024-05-08 15:29:40:620,SidewaysCar_0_0 x=328225.4375 y=420687.78125 z=127.609001,
2024-05-08 15:29:40:645,SidewaysCar_0_0 x=328204.6875 y=420662.46875 z=127.333,
2024-05-08 15:29:40:670,SidewaysCar_0_0 x=328185.3125 y=420638.875 z=127.075996,
2024-05-08 15:29:40:695,SidewaysCar_0_0 x=328163.875 y=420612.78125 z=126.791,
2024-05-08 15:29:40:720,SidewaysCar_0_0 x=328146.34375 y=420591.40625 z=126.593002,
2024-05-08 15:29:40:745,SidewaysCar_0_0 x=328125.40625 y=420565.875 z=126.366997,
2024-05-08 15:29:40:770,SidewaysCar_0_0 x=328106.0625 y=420542.3125 z=126.158997,
2024-05-08 15:29:40:795,SidewaysCar_0_0 x=328086.3125 y=420518.25 z=125.946999,
2024-05-08 15:29:40:820,SidewaysCar_0_0 x=328064.84375 y=420492.09375 z=125.716003,
2024-05-08 15:29:40:845,SidewaysCar_0_0 x=328043.9375 y=420466.625 z=125.490997,
2024-05-08 15:29:40:870,SidewaysCar_0_0 x=328024.5 y=420442.96875 z=125.281998,
2024-05-08 15:29:40:895,SidewaysCar_0_0 x=328003.1875 y=420417.0 z=125.052002,
2024-05-08 15:29:40:920,SidewaysCar_0_0 x=327983.59375 y=420393.09375 z=124.841003,
2024-05-08 15:29:40:945,SidewaysCar_0_0 x=327961.34375 y=420366.03125 z=124.601997,
2024-05-08 15:29:40:970,SidewaysCar_0_0 x=327941.78125 y=420342.1875 z=124.391998,
2024-05-08 15:29:40:995,SidewaysCar_0_0 x=327920.46875 y=420316.1875 z=124.162003,
2024-05-08 15:29:41:020,SidewaysCar_0_0 x=327901.75 y=420293.375 z=123.960999,
2024-05-08 15:29:41:045,SidewaysCar_0_0 x=327901.75 y=420293.375 z=123.960999,
2024-05-08 15:29:41:070,SidewaysCar_0_0 x=327880.96875 y=420268.03125 z=124.449997,
2024-05-08 15:29:41:095,SidewaysCar_0_0 x=327859.375 y=420241.6875 z=123.984001,
2024-05-08 15:29:41:120,SidewaysCar_0_0 x=327838.25 y=420215.96875 z=124.067001,
2024-05-08 15:29:41:145,SidewaysCar_0_0 x=327818.125 y=420191.4375 z=123.559998,
2024-05-08 15:29:41:170,SidewaysCar_0_0 x=327799.375 y=420168.5625 z=122.473999,
2024-05-08 15:29:41:195,SidewaysCar_0_0 x=327778.59375 y=420143.25 z=121.980003,
2024-05-08 15:29:41:220,SidewaysCar_0_0 x=327755.09375 y=420114.625 z=121.421997,
2024-05-08 15:29:41:245,SidewaysCar_0_0 x=327736.40625 y=420091.875 z=120.976997,
2024-05-08 15:29:41:270,SidewaysCar_0_0 x=327714.65625 y=420065.34375 z=121.114998,
2024-05-08 15:29:41:295,SidewaysCar_0_0 x=327695.0 y=420041.40625 z=121.533997,
2024-05-08 15:29:41:320,SidewaysCar_0_0 x=327674.75 y=420016.75 z=121.245003,
2024-05-08 15:29:41:345,SidewaysCar_0_0 x=327654.5625 y=419992.09375 z=119.944,
2024-05-08 15:29:41:370,SidewaysCar_0_0 x=327654.5625 y=419992.09375 z=119.944,
2024-05-08 15:29:41:395,SidewaysCar_0_0 x=327615.5625 y=419944.53125 z=118.991997,
2024-05-08 15:29:41:420,SidewaysCar_0_0 x=327615.5625 y=419944.53125 z=118.991997,
2024-05-08 15:29:41:445,SidewaysCar_0_0 x=327594.71875 y=419919.15625 z=118.032997,
2024-05-08 15:29:41:470,SidewaysCar_0_0 x=327572.78125 y=419892.40625 z=117.022003,
2024-05-08 15:29:41:495,SidewaysCar_0_0 x=327550.0625 y=419864.75 z=116.478996,
2024-05-08 15:29:41:520,SidewaysCar_0_0 x=327530.0625 y=419840.34375 z=116.111,
2024-05-08 15:29:41:545,SidewaysCar_0_0 x=327507.53125 y=419812.9375 z=115.696999,
2024-05-08 15:29:41:570,SidewaysCar_0_0 x=327489.1875 y=419790.5625 z=115.360001,
2024-05-08 15:29:41:595,SidewaysCar_0_0 x=327466.78125 y=419763.25 z=114.947998,
2024-05-08 15:29:41:620,SidewaysCar_0_0 x=327447.375 y=419739.5625 z=114.589996,
2024-05-08 15:29:41:645,SidewaysCar_0_0 x=327428.1875 y=419716.21875 z=114.237999,
2024-05-08 15:29:41:670,SidewaysCar_0_0 x=327408.5 y=419692.21875 z=114.119003,
2024-05-08 15:29:41:695,SidewaysCar_0_0 x=327408.5 y=419692.21875 z=114.119003,
2024-05-08 15:29:41:720,SidewaysCar_0_0 x=327385.15625 y=419663.75 z=114.119003,
2024-05-08 15:29:41:745,SidewaysCar_0_0 x=327365.5 y=419639.8125 z=114.119003,
2024-05-08 15:29:41:770,SidewaysCar_0_0 x=327339.90625 y=419608.59375 z=114.119003,
2024-05-08 15:29:41:795,SidewaysCar_0_0 x=327319.4375 y=419583.625 z=114.119003,
2024-05-08 15:29:41:820,SidewaysCar_0_0 x=327297.65625 y=419557.125 z=114.119003,
2024-05-08 15:29:41:845,SidewaysCar_0_0 x=327276.5625 y=419531.4375 z=114.119003,
2024-05-08 15:29:41:870,SidewaysCar_0_0 x=327257.125 y=419507.71875 z=114.119003,
2024-05-08 15:29:41:895,SidewaysCar_0_0 x=327237.3125 y=419483.5625 z=114.119003,
2024-05-08 15:29:41:920,SidewaysCar_0_0 x=327214.96875 y=419456.3125 z=114.119003,
2024-05-08 15:29:41:945,SidewaysCar_0_0 x=327214.96875 y=419456.3125 z=114.119003,
2024-05-08 15:29:41:970,SidewaysCar_0_0 x=327193.125 y=419429.6875 z=114.119003,
2024-05-08 15:29:41:995,SidewaysCar_0_0 x=327170.28125 y=419401.84375 z=114.119003,
2024-05-08 15:29:42:020,SidewaysCar_0_0 x=327149.5625 y=419376.625 z=114.119003,
2024-05-08 15:29:42:045,SidewaysCar_0_0 x=327129.875 y=419352.625 z=114.119003,
2024-05-08 15:29:42:070,SidewaysCar_0_0 x=327109.6875 y=419328.0625 z=114.119003,
2024-05-08 15:29:42:095,SidewaysCar_0_0 x=327088.6875 y=419302.4375 z=114.119003,
2024-05-08 15:29:42:120,SidewaysCar_0_0 x=327068.9375 y=419278.34375 z=114.119003,
2024-05-08 15:29:42:145,SidewaysCar_0_0 x=327048.34375 y=419253.25 z=114.119003,
2024-05-08 15:29:42:170,SidewaysCar_0_0 x=327027.9375 y=419228.375 z=114.119003,
2024-05-08 15:29:42:195,SidewaysCar_0_0 x=327008.46875 y=419204.71875 z=114.119003,
2024-05-08 15:29:42:220,SidewaysCar_0_0 x=326989.0 y=419180.96875 z=114.119003,
2024-05-08 15:29:42:245,SidewaysCar_0_0 x=326967.65625 y=419154.90625 z=114.075996,
2024-05-08 15:29:42:270,SidewaysCar_0_0 x=326949.25 y=419132.5 z=114.005997,
2024-05-08 15:29:42:295,SidewaysCar_0_0 x=326949.25 y=419132.5 z=114.005997,
2024-05-08 15:29:42:320,SidewaysCar_0_0 x=326928.25 y=419106.90625 z=113.926003,
2024-05-08 15:29:42:345,SidewaysCar_0_0 x=326908.75 y=419083.125 z=113.851997,
2024-05-08 15:29:42:370,SidewaysCar_0_0 x=326888.78125 y=419058.78125 z=113.776001,
2024-05-08 15:29:42:395,SidewaysCar_0_0 x=326867.71875 y=419033.15625 z=113.695999,
2024-05-08 15:29:42:420,SidewaysCar_0_0 x=326845.78125 y=419006.4375 z=113.612,
2024-05-08 15:29:42:445,SidewaysCar_0_0 x=326826.78125 y=418983.28125 z=113.540001,
2024-05-08 15:29:42:470,SidewaysCar_0_0 x=326804.46875 y=418956.125 z=113.455002,
2024-05-08 15:29:42:495,SidewaysCar_0_0 x=326784.96875 y=418932.34375 z=113.380997,
2024-05-08 15:29:42:520,SidewaysCar_0_0 x=326763.53125 y=418906.1875 z=113.299004,
2024-05-08 15:29:42:545,SidewaysCar_0_0 x=326742.34375 y=418880.375 z=113.219002,
2024-05-08 15:29:42:570,SidewaysCar_0_0 x=326742.34375 y=418880.375 z=113.219002,
2024-05-08 15:29:42:595,SidewaysCar_0_0 x=326718.09375 y=418850.84375 z=113.126999,
2024-05-08 15:29:42:620,SidewaysCar_0_0 x=326693.71875 y=418821.1875 z=113.033997,
2024-05-08 15:29:42:645,SidewaysCar_0_0 x=326670.0625 y=418792.34375 z=113.000999,
2024-05-08 15:29:42:670,SidewaysCar_0_0 x=326650.65625 y=418768.71875 z=112.944,
2024-05-08 15:29:42:695,SidewaysCar_0_0 x=326630.875 y=418744.59375 z=112.867996,
2024-05-08 15:29:42:720,SidewaysCar_0_0 x=326609.71875 y=418718.875 z=112.788002,
2024-05-08 15:29:42:745,SidewaysCar_0_0 x=326589.21875 y=418693.84375 z=112.709,
2024-05-08 15:29:42:770,SidewaysCar_0_0 x=326570.875 y=418671.53125 z=112.639999,
2024-05-08 15:29:42:795,SidewaysCar_0_0 x=326570.875 y=418671.53125 z=112.639999,
2024-05-08 15:29:42:820,SidewaysCar_0_0 x=326549.03125 y=418644.9375 z=112.556,
2024-05-08 15:29:42:845,SidewaysCar_0_0 x=326528.3125 y=418619.71875 z=112.476997,
2024-05-08 15:29:42:870,SidewaysCar_0_0 x=326506.625 y=418593.28125 z=112.394997,
2024-05-08 15:29:42:895,SidewaysCar_0_0 x=326486.5625 y=418568.875 z=112.318001,
2024-05-08 15:29:42:920,SidewaysCar_0_0 x=326465.53125 y=418543.21875 z=112.237999,
2024-05-08 15:29:42:945,SidewaysCar_0_0 x=326445.4375 y=418518.75 z=112.181,
2024-05-08 15:29:42:970,SidewaysCar_0_0 x=326424.75 y=418493.53125 z=112.181,
2024-05-08 15:29:42:995,SidewaysCar_0_0 x=326404.84375 y=418469.28125 z=112.087997,
2024-05-08 15:29:43:020,SidewaysCar_0_0 x=326384.0 y=418443.9375 z=111.889999,
2024-05-08 15:29:43:045,SidewaysCar_0_0 x=326363.5625 y=418419.03125 z=111.695999,
2024-05-08 15:29:43:070,SidewaysCar_0_0 x=326342.28125 y=418393.125 z=111.494003,
2024-05-08 15:29:43:095,SidewaysCar_0_0 x=326324.0625 y=418370.96875 z=111.320999,
2024-05-08 15:29:43:120,SidewaysCar_0_0 x=326324.0625 y=418370.96875 z=111.320999,
2024-05-08 15:29:43:145,SidewaysCar_0_0 x=326299.1875 y=418340.71875 z=111.084999,
2024-05-08 15:29:43:170,SidewaysCar_0_0 x=326279.5625 y=418316.78125 z=110.898003,
2024-05-08 15:29:43:195,SidewaysCar_0_0 x=326260.03125 y=418293.03125 z=110.737,
2024-05-08 15:29:43:220,SidewaysCar_0_0 x=326240.09375 y=418268.75 z=110.530998,
2024-05-08 15:29:43:245,SidewaysCar_0_0 x=326217.53125 y=418241.28125 z=110.218002,
2024-05-08 15:29:43:270,SidewaysCar_0_0 x=326197.9375 y=418217.4375 z=109.946999,
2024-05-08 15:29:43:295,SidewaysCar_0_0 x=326176.5 y=418191.3125 z=109.649002,
2024-05-08 15:29:43:320,SidewaysCar_0_0 x=326156.46875 y=418166.9375 z=109.371002,
2024-05-08 15:29:43:345,SidewaysCar_0_0 x=326136.5 y=418142.65625 z=109.094002,
